date;moon_shine
2013-01-01;83.0
2013-01-02;75.0
2013-01-03;67.0
2013-01-04;58.0
2013-01-05;50.0
2013-01-06;25.0
2013-01-07;25.0
2013-01-08;17.0
2013-01-09;8.0
2013-01-10;8.0
2013-01-11;0.0
2013-01-12;8.0
2013-01-13;8.0
2013-01-14;8.0
2013-01-15;17.0
2013-01-16;25.0
2013-01-17;33.0
2013-01-18;42.0
2013-01-19;50.0
2013-01-20;67.0
2013-01-21;75.0
2013-01-22;75.0
2013-01-23;83.0
2013-01-24;92.0
2013-01-25;92.0
2013-01-26;92.0
2013-01-27;100.0
2013-01-28;92.0
2013-01-29;92.0
2013-01-30;83.0
2013-01-31;83.0
2013-02-01;75.0
2013-02-02;67.0
2013-02-03;50.0
2013-02-04;42.0
2013-02-05;25.0
2013-02-06;17.0
2013-02-07;17.0
2013-02-08;8.0
2013-02-09;8.0
2013-02-10;0.0
2013-02-11;8.0
2013-02-12;8.0
2013-02-13;17.0
2013-02-14;17.0
2013-02-15;25.0
2013-02-16;33.0
2013-02-17;42.0
2013-02-18;50.0
2013-02-19;67.0
2013-02-20;75.0
2013-02-21;83.0
2013-02-22;83.0
2013-02-23;92.0
2013-02-24;92.0
2013-02-25;92.0
2013-02-26;100.0
2013-02-27;92.0
2013-02-28;92.0
2013-03-01;83.0
2013-03-02;75.0
2013-03-03;67.0
2013-03-04;58.0
2013-03-05;50.0
2013-03-06;25.0
2013-03-07;25.0
2013-03-08;17.0
2013-03-09;8.0
2013-03-10;8.0
2013-03-11;0.0
2013-03-12;8.0
2013-03-13;8.0
2013-03-14;8.0
2013-03-15;17.0
2013-03-16;17.0
2013-03-17;25.0
2013-03-18;33.0
2013-03-19;50.0
2013-03-20;58.0
2013-03-21;67.0
2013-03-22;75.0
2013-03-23;83.0
2013-03-24;83.0
2013-03-25;92.0
2013-03-26;92.0
2013-03-27;100.0
2013-03-28;92.0
2013-03-29;92.0
2013-03-30;83.0
2013-03-31;83.0
2013-04-01;75.0
2013-04-02;58.0
2013-04-03;50.0
2013-04-04;25.0
2013-04-05;25.0
2013-04-06;17.0
2013-04-07;8.0
2013-04-08;8.0
2013-04-09;8.0
2013-04-10;0.0
2013-04-11;8.0
2013-04-12;8.0
2013-04-13;8.0
2013-04-14;17.0
2013-04-15;25.0
2013-04-16;25.0
2013-04-17;33.0
2013-04-18;50.0
2013-04-19;58.0
2013-04-20;67.0
2013-04-21;75.0
2013-04-22;83.0
2013-04-23;92.0
2013-04-24;92.0
2013-04-25;92.0
2013-04-26;100.0
2013-04-27;92.0
2013-04-28;92.0
2013-04-29;83.0
2013-04-30;75.0
2013-05-01;67.0
2013-05-02;50.0
2013-05-03;42.0
2013-05-04;25.0
2013-05-05;25.0
2013-05-06;17.0
2013-05-07;8.0
2013-05-08;8.0
2013-05-09;8.0
2013-05-10;0.0
2013-05-11;8.0
2013-05-12;8.0
2013-05-13;8.0
2013-05-14;17.0
2013-05-15;25.0
2013-05-16;33.0
2013-05-17;42.0
2013-05-18;50.0
2013-05-19;67.0
2013-05-20;75.0
2013-05-21;83.0
2013-05-22;83.0
2013-05-23;92.0
2013-05-24;92.0
2013-05-25;100.0
2013-05-26;92.0
2013-05-27;92.0
2013-05-28;83.0
2013-05-29;75.0
2013-05-30;67.0
2013-05-31;50.0
2013-06-01;42.0
2013-06-02;25.0
2013-06-03;25.0
2013-06-04;17.0
2013-06-05;8.0
2013-06-06;8.0
2013-06-07;8.0
2013-06-08;0.0
2013-06-09;8.0
2013-06-10;8.0
2013-06-11;8.0
2013-06-12;17.0
2013-06-13;17.0
2013-06-14;25.0
2013-06-15;33.0
2013-06-16;50.0
2013-06-17;58.0
2013-06-18;67.0
2013-06-19;75.0
2013-06-20;83.0
2013-06-21;92.0
2013-06-22;92.0
2013-06-23;100.0
2013-06-24;92.0
2013-06-25;92.0
2013-06-26;83.0
2013-06-27;75.0
2013-06-28;67.0
2013-06-29;58.0
2013-06-30;50.0
2013-07-01;25.0
2013-07-02;25.0
2013-07-03;25.0
2013-07-04;17.0
2013-07-05;8.0
2013-07-06;8.0
2013-07-07;8.0
2013-07-08;0.0
2013-07-09;8.0
2013-07-10;8.0
2013-07-11;8.0
2013-07-12;17.0
2013-07-13;25.0
2013-07-14;33.0
2013-07-15;42.0
2013-07-16;50.0
2013-07-17;67.0
2013-07-18;75.0
2013-07-19;83.0
2013-07-20;92.0
2013-07-21;92.0
2013-07-22;100.0
2013-07-23;92.0
2013-07-24;92.0
2013-07-25;92.0
2013-07-26;83.0
2013-07-27;75.0
2013-07-28;67.0
2013-07-29;50.0
2013-07-30;42.0
2013-07-31;25.0
2013-08-01;25.0
2013-08-02;17.0
2013-08-03;17.0
2013-08-04;8.0
2013-08-05;8.0
2013-08-06;8.0
2013-08-07;0.0
2013-08-08;8.0
2013-08-09;8.0
2013-08-10;17.0
2013-08-11;17.0
2013-08-12;25.0
2013-08-13;33.0
2013-08-14;50.0
2013-08-15;58.0
2013-08-16;75.0
2013-08-17;83.0
2013-08-18;83.0
2013-08-19;92.0
2013-08-20;92.0
2013-08-21;100.0
2013-08-22;92.0
2013-08-23;92.0
2013-08-24;83.0
2013-08-25;75.0
2013-08-26;67.0
2013-08-27;58.0
2013-08-28;50.0
2013-08-29;42.0
2013-08-30;25.0
2013-08-31;25.0
2013-09-01;17.0
2013-09-02;8.0
2013-09-03;8.0
2013-09-04;8.0
2013-09-05;0.0
2013-09-06;8.0
2013-09-07;8.0
2013-09-08;8.0
2013-09-09;17.0
2013-09-10;25.0
2013-09-11;33.0
2013-09-12;50.0
2013-09-13;58.0
2013-09-14;67.0
2013-09-15;75.0
2013-09-16;83.0
2013-09-17;92.0
2013-09-18;92.0
2013-09-19;100.0
2013-09-20;92.0
2013-09-21;92.0
2013-09-22;92.0
2013-09-23;83.0
2013-09-24;75.0
2013-09-25;67.0
2013-09-26;58.0
2013-09-27;50.0
2013-09-28;25.0
2013-09-29;25.0
2013-09-30;25.0
2013-10-01;17.0
2013-10-02;8.0
2013-10-03;8.0
2013-10-04;8.0
2013-10-05;0.0
2013-10-06;8.0
2013-10-07;8.0
2013-10-08;17.0
2013-10-09;25.0
2013-10-10;33.0
2013-10-11;42.0
2013-10-12;50.0
2013-10-13;67.0
2013-10-14;75.0
2013-10-15;83.0
2013-10-16;92.0
2013-10-17;92.0
2013-10-18;92.0
2013-10-19;100.0
2013-10-20;92.0
2013-10-21;92.0
2013-10-22;83.0
2013-10-23;83.0
2013-10-24;75.0
2013-10-25;67.0
2013-10-26;58.0
2013-10-27;50.0
2013-10-28;25.0
2013-10-29;25.0
2013-10-30;17.0
2013-10-31;17.0
2013-11-01;8.0
2013-11-02;8.0
2013-11-03;0.0
2013-11-04;8.0
2013-11-05;8.0
2013-11-06;8.0
2013-11-07;17.0
2013-11-08;25.0
2013-11-09;33.0
2013-11-10;50.0
2013-11-11;67.0
2013-11-12;75.0
2013-11-13;83.0
2013-11-14;83.0
2013-11-15;92.0
2013-11-16;92.0
2013-11-17;100.0
2013-11-18;92.0
2013-11-19;92.0
2013-11-20;92.0
2013-11-21;83.0
2013-11-22;83.0
2013-11-23;75.0
2013-11-24;67.0
2013-11-25;50.0
2013-11-26;42.0
2013-11-27;25.0
2013-11-28;25.0
2013-11-29;17.0
2013-11-30;8.0
2013-12-01;8.0
2013-12-02;8.0
2013-12-03;0.0
2013-12-04;8.0
2013-12-05;8.0
2013-12-06;17.0
2013-12-07;25.0
2013-12-08;33.0
2013-12-09;50.0
2013-12-10;58.0
2013-12-11;67.0
2013-12-12;75.0
2013-12-13;83.0
2013-12-14;92.0
2013-12-15;92.0
2013-12-16;92.0
2013-12-17;100.0
2013-12-18;92.0
2013-12-19;92.0
2013-12-20;92.0
2013-12-21;83.0
2013-12-22;75.0
2013-12-23;75.0
2013-12-24;67.0
2013-12-25;50.0
2013-12-26;42.0
2013-12-27;25.0
2013-12-28;25.0
2013-12-29;17.0
2013-12-30;8.0
2013-12-31;8.0
2014-01-01;0.0
2014-01-02;8.0
2014-01-03;8.0
2014-01-04;17.0
2014-01-05;25.0
2014-01-06;33.0
2014-01-07;42.0
2014-01-08;50.0
2014-01-09;67.0
2014-01-10;75.0
2014-01-11;75.0
2014-01-12;83.0
2014-01-13;92.0
2014-01-14;92.0
2014-01-15;92.0
2014-01-16;100.0
2014-01-17;92.0
2014-01-18;92.0
2014-01-19;92.0
2014-01-20;83.0
2014-01-21;75.0
2014-01-22;67.0
2014-01-23;58.0
2014-01-24;50.0
2014-01-25;25.0
2014-01-26;25.0
2014-01-27;17.0
2014-01-28;8.0
2014-01-29;8.0
2014-01-30;8.0
2014-01-31;0.0
2014-02-01;8.0
2014-02-02;8.0
2014-02-03;17.0
2014-02-04;25.0
2014-02-05;33.0
2014-02-06;50.0
2014-02-07;58.0
2014-02-08;67.0
2014-02-09;75.0
2014-02-10;83.0
2014-02-11;83.0
2014-02-12;92.0
2014-02-13;92.0
2014-02-14;92.0
2014-02-15;100.0
2014-02-16;92.0
2014-02-17;92.0
2014-02-18;83.0
2014-02-19;83.0
2014-02-20;75.0
2014-02-21;67.0
2014-02-22;50.0
2014-02-23;42.0
2014-02-24;25.0
2014-02-25;25.0
2014-02-26;17.0
2014-02-27;8.0
2014-02-28;8.0
2014-03-01;0.0
2014-03-02;8.0
2014-03-03;8.0
2014-03-04;17.0
2014-03-05;17.0
2014-03-06;25.0
2014-03-07;33.0
2014-03-08;50.0
2014-03-09;58.0
2014-03-10;67.0
2014-03-11;75.0
2014-03-12;83.0
2014-03-13;83.0
2014-03-14;92.0
2014-03-15;92.0
2014-03-16;100.0
2014-03-17;92.0
2014-03-18;92.0
2014-03-19;92.0
2014-03-20;83.0
2014-03-21;75.0
2014-03-22;67.0
2014-03-23;58.0
2014-03-24;50.0
2014-03-25;25.0
2014-03-26;25.0
2014-03-27;17.0
2014-03-28;8.0
2014-03-29;8.0
2014-03-30;0.0
2014-03-31;8.0
2014-04-01;8.0
2014-04-02;8.0
2014-04-03;17.0
2014-04-04;25.0
2014-04-05;33.0
2014-04-06;33.0
2014-04-07;50.0
2014-04-08;58.0
2014-04-09;67.0
2014-04-10;75.0
2014-04-11;83.0
2014-04-12;92.0
2014-04-13;92.0
2014-04-14;92.0
2014-04-15;100.0
2014-04-16;92.0
2014-04-17;92.0
2014-04-18;83.0
2014-04-19;83.0
2014-04-20;75.0
2014-04-21;67.0
2014-04-22;50.0
2014-04-23;25.0
2014-04-24;25.0
2014-04-25;17.0
2014-04-26;8.0
2014-04-27;8.0
2014-04-28;8.0
2014-04-29;0.0
2014-04-30;8.0
2014-05-01;8.0
2014-05-02;8.0
2014-05-03;17.0
2014-05-04;25.0
2014-05-05;33.0
2014-05-06;42.0
2014-05-07;50.0
2014-05-08;67.0
2014-05-09;67.0
2014-05-10;75.0
2014-05-11;83.0
2014-05-12;92.0
2014-05-13;92.0
2014-05-14;100.0
2014-05-15;92.0
2014-05-16;92.0
2014-05-17;92.0
2014-05-18;83.0
2014-05-19;75.0
2014-05-20;67.0
2014-05-21;50.0
2014-05-22;42.0
2014-05-23;25.0
2014-05-24;25.0
2014-05-25;17.0
2014-05-26;8.0
2014-05-27;8.0
2014-05-28;0.0
2014-05-29;8.0
2014-05-30;8.0
2014-05-31;8.0
2014-06-01;17.0
2014-06-02;17.0
2014-06-03;25.0
2014-06-04;33.0
2014-06-05;42.0
2014-06-06;50.0
2014-06-07;67.0
2014-06-08;75.0
2014-06-09;83.0
2014-06-10;83.0
2014-06-11;92.0
2014-06-12;92.0
2014-06-13;100.0
2014-06-14;92.0
2014-06-15;92.0
2014-06-16;83.0
2014-06-17;75.0
2014-06-18;67.0
2014-06-19;50.0
2014-06-20;42.0
2014-06-21;25.0
2014-06-22;25.0
2014-06-23;17.0
2014-06-24;8.0
2014-06-25;8.0
2014-06-26;8.0
2014-06-27;0.0
2014-06-28;8.0
2014-06-29;8.0
2014-06-30;8.0
2014-07-01;17.0
2014-07-02;25.0
2014-07-03;25.0
2014-07-04;33.0
2014-07-05;50.0
2014-07-06;58.0
2014-07-07;67.0
2014-07-08;75.0
2014-07-09;83.0
2014-07-10;92.0
2014-07-11;92.0
2014-07-12;100.0
2014-07-13;92.0
2014-07-14;92.0
2014-07-15;83.0
2014-07-16;75.0
2014-07-17;67.0
2014-07-18;58.0
2014-07-19;50.0
2014-07-20;25.0
2014-07-21;25.0
2014-07-22;17.0
2014-07-23;17.0
2014-07-24;8.0
2014-07-25;8.0
2014-07-26;8.0
2014-07-27;0.0
2014-07-28;8.0
2014-07-29;8.0
2014-07-30;8.0
2014-07-31;17.0
2014-08-01;25.0
2014-08-02;33.0
2014-08-03;42.0
2014-08-04;50.0
2014-08-05;67.0
2014-08-06;75.0
2014-08-07;83.0
2014-08-08;92.0
2014-08-09;92.0
2014-08-10;100.0
2014-08-11;92.0
2014-08-12;92.0
2014-08-13;83.0
2014-08-14;83.0
2014-08-15;75.0
2014-08-16;67.0
2014-08-17;50.0
2014-08-18;42.0
2014-08-19;25.0
2014-08-20;25.0
2014-08-21;17.0
2014-08-22;8.0
2014-08-23;8.0
2014-08-24;8.0
2014-08-25;0.0
2014-08-26;8.0
2014-08-27;8.0
2014-08-28;8.0
2014-08-29;17.0
2014-08-30;17.0
2014-08-31;25.0
2014-09-01;33.0
2014-09-02;50.0
2014-09-03;58.0
2014-09-04;67.0
2014-09-05;75.0
2014-09-06;83.0
2014-09-07;92.0
2014-09-08;92.0
2014-09-09;100.0
2014-09-10;92.0
2014-09-11;92.0
2014-09-12;83.0
2014-09-13;75.0
2014-09-14;67.0
2014-09-15;58.0
2014-09-16;50.0
2014-09-17;25.0
2014-09-18;25.0
2014-09-19;25.0
2014-09-20;17.0
2014-09-21;8.0
2014-09-22;8.0
2014-09-23;8.0
2014-09-24;0.0
2014-09-25;8.0
2014-09-26;8.0
2014-09-27;8.0
2014-09-28;17.0
2014-09-29;25.0
2014-09-30;33.0
2014-10-01;50.0
2014-10-02;58.0
2014-10-03;67.0
2014-10-04;75.0
2014-10-05;83.0
2014-10-06;92.0
2014-10-07;92.0
2014-10-08;100.0
2014-10-09;92.0
2014-10-10;92.0
2014-10-11;83.0
2014-10-12;83.0
2014-10-13;75.0
2014-10-14;67.0
2014-10-15;50.0
2014-10-16;42.0
2014-10-17;25.0
2014-10-18;25.0
2014-10-19;17.0
2014-10-20;17.0
2014-10-21;8.0
2014-10-22;8.0
2014-10-23;8.0
2014-10-24;0.0
2014-10-25;8.0
2014-10-26;8.0
2014-10-27;17.0
2014-10-28;25.0
2014-10-29;33.0
2014-10-30;42.0
2014-10-31;50.0
2014-11-01;67.0
2014-11-02;75.0
2014-11-03;83.0
2014-11-04;92.0
2014-11-05;92.0
2014-11-06;92.0
2014-11-07;100.0
2014-11-08;92.0
2014-11-09;92.0
2014-11-10;83.0
2014-11-11;75.0
2014-11-12;75.0
2014-11-13;67.0
2014-11-14;50.0
2014-11-15;42.0
2014-11-16;25.0
2014-11-17;25.0
2014-11-18;17.0
2014-11-19;17.0
2014-11-20;8.0
2014-11-21;8.0
2014-11-22;0.0
2014-11-23;8.0
2014-11-24;8.0
2014-11-25;8.0
2014-11-26;17.0
2014-11-27;25.0
2014-11-28;33.0
2014-11-29;50.0
2014-11-30;67.0
2014-12-01;75.0
2014-12-02;83.0
2014-12-03;83.0
2014-12-04;92.0
2014-12-05;92.0
2014-12-06;100.0
2014-12-07;92.0
2014-12-08;92.0
2014-12-09;92.0
2014-12-10;83.0
2014-12-11;75.0
2014-12-12;67.0
2014-12-13;67.0
2014-12-14;50.0
2014-12-15;42.0
2014-12-16;25.0
2014-12-17;25.0
2014-12-18;17.0
2014-12-19;8.0
2014-12-20;8.0
2014-12-21;8.0
2014-12-22;0.0
2014-12-23;8.0
2014-12-24;8.0
2014-12-25;17.0
2014-12-26;25.0
2014-12-27;33.0
2014-12-28;50.0
2014-12-29;58.0
2014-12-30;67.0
2014-12-31;75.0
2015-01-01;83.0
2015-01-02;92.0
2015-01-03;92.0
2015-01-04;92.0
2015-01-05;100.0
2015-01-06;92.0
2015-01-07;92.0
2015-01-08;92.0
2015-01-09;83.0
2015-01-10;75.0
2015-01-11;67.0
2015-01-12;58.0
2015-01-13;50.0
2015-01-14;42.0
2015-01-15;25.0
2015-01-16;25.0
2015-01-17;17.0
2015-01-18;8.0
2015-01-19;8.0
2015-01-20;0.0
2015-01-21;8.0
2015-01-22;8.0
2015-01-23;17.0
2015-01-24;17.0
2015-01-25;25.0
2015-01-26;42.0
2015-01-27;50.0
2015-01-28;67.0
2015-01-29;75.0
2015-01-30;83.0
2015-01-31;83.0
2015-02-01;92.0
2015-02-02;92.0
2015-02-03;92.0
2015-02-04;100.0
2015-02-05;92.0
2015-02-06;92.0
2015-02-07;83.0
2015-02-08;83.0
2015-02-09;75.0
2015-02-10;67.0
2015-02-11;58.0
2015-02-12;50.0
2015-02-13;25.0
2015-02-14;25.0
2015-02-15;17.0
2015-02-16;8.0
2015-02-17;8.0
2015-02-18;8.0
2015-02-19;0.0
2015-02-20;8.0
2015-02-21;8.0
2015-02-22;17.0
2015-02-23;25.0
2015-02-24;33.0
2015-02-25;50.0
2015-02-26;58.0
2015-02-27;67.0
2015-02-28;75.0
2015-03-01;83.0
2015-03-02;83.0
2015-03-03;92.0
2015-03-04;92.0
2015-03-05;100.0
2015-03-06;92.0
2015-03-07;92.0
2015-03-08;92.0
2015-03-09;83.0
2015-03-10;83.0
2015-03-11;75.0
2015-03-12;67.0
2015-03-13;50.0
2015-03-14;42.0
2015-03-15;25.0
2015-03-16;25.0
2015-03-17;17.0
2015-03-18;8.0
2015-03-19;8.0
2015-03-20;0.0
2015-03-21;8.0
2015-03-22;8.0
2015-03-23;17.0
2015-03-24;25.0
2015-03-25;25.0
2015-03-26;42.0
2015-03-27;50.0
2015-03-28;67.0
2015-03-29;67.0
2015-03-30;75.0
2015-03-31;83.0
2015-04-01;92.0
2015-04-02;92.0
2015-04-03;92.0
2015-04-04;100.0
2015-04-05;92.0
2015-04-06;92.0
2015-04-07;92.0
2015-04-08;83.0
2015-04-09;75.0
2015-04-10;67.0
2015-04-11;58.0
2015-04-12;50.0
2015-04-13;25.0
2015-04-14;25.0
2015-04-15;17.0
2015-04-16;8.0
2015-04-17;8.0
2015-04-18;0.0
2015-04-19;8.0
2015-04-20;8.0
2015-04-21;8.0
2015-04-22;17.0
2015-04-23;25.0
2015-04-24;33.0
2015-04-25;42.0
2015-04-26;50.0
2015-04-27;67.0
2015-04-28;75.0
2015-04-29;75.0
2015-04-30;83.0
2015-05-01;92.0
2015-05-02;92.0
2015-05-03;92.0
2015-05-04;100.0
2015-05-05;92.0
2015-05-06;92.0
2015-05-07;83.0
2015-05-08;83.0
2015-05-09;75.0
2015-05-10;67.0
2015-05-11;50.0
2015-05-12;25.0
2015-05-13;25.0
2015-05-14;17.0
2015-05-15;8.0
2015-05-16;8.0
2015-05-17;8.0
2015-05-18;0.0
2015-05-19;8.0
2015-05-20;8.0
2015-05-21;17.0
2015-05-22;17.0
2015-05-23;25.0
2015-05-24;33.0
2015-05-25;50.0
2015-05-26;58.0
2015-05-27;67.0
2015-05-28;75.0
2015-05-29;83.0
2015-05-30;83.0
2015-05-31;92.0
2015-06-01;92.0
2015-06-02;100.0
2015-06-03;92.0
2015-06-04;92.0
2015-06-05;92.0
2015-06-06;83.0
2015-06-07;75.0
2015-06-08;67.0
2015-06-09;50.0
2015-06-10;42.0
2015-06-11;25.0
2015-06-12;25.0
2015-06-13;17.0
2015-06-14;8.0
2015-06-15;8.0
2015-06-16;0.0
2015-06-17;8.0
2015-06-18;8.0
2015-06-19;8.0
2015-06-20;17.0
2015-06-21;25.0
2015-06-22;33.0
2015-06-23;33.0
2015-06-24;50.0
2015-06-25;58.0
2015-06-26;67.0
2015-06-27;75.0
2015-06-28;83.0
2015-06-29;92.0
2015-06-30;92.0
2015-07-01;92.0
2015-07-02;100.0
2015-07-03;92.0
2015-07-04;92.0
2015-07-05;83.0
2015-07-06;75.0
2015-07-07;67.0
2015-07-08;50.0
2015-07-09;42.0
2015-07-10;25.0
2015-07-11;25.0
2015-07-12;17.0
2015-07-13;8.0
2015-07-14;8.0
2015-07-15;8.0
2015-07-16;0.0
2015-07-17;8.0
2015-07-18;8.0
2015-07-19;8.0
2015-07-20;17.0
2015-07-21;25.0
2015-07-22;33.0
2015-07-23;42.0
2015-07-24;50.0
2015-07-25;67.0
2015-07-26;75.0
2015-07-27;75.0
2015-07-28;83.0
2015-07-29;92.0
2015-07-30;92.0
2015-07-31;100.0
2015-08-01;92.0
2015-08-02;92.0
2015-08-03;83.0
2015-08-04;75.0
2015-08-05;67.0
2015-08-06;58.0
2015-08-07;50.0
2015-08-08;25.0
2015-08-09;25.0
2015-08-10;17.0
2015-08-11;8.0
2015-08-12;8.0
2015-08-13;8.0
2015-08-14;0.0
2015-08-15;8.0
2015-08-16;8.0
2015-08-17;8.0
2015-08-18;17.0
2015-08-19;17.0
2015-08-20;25.0
2015-08-21;33.0
2015-08-22;50.0
2015-08-23;58.0
2015-08-24;67.0
2015-08-25;75.0
2015-08-26;83.0
2015-08-27;92.0
2015-08-28;92.0
2015-08-29;100.0
2015-08-30;92.0
2015-08-31;92.0
2015-09-01;83.0
2015-09-02;83.0
2015-09-03;75.0
2015-09-04;67.0
2015-09-05;50.0
2015-09-06;25.0
2015-09-07;25.0
2015-09-08;25.0
2015-09-09;17.0
2015-09-10;8.0
2015-09-11;8.0
2015-09-12;8.0
2015-09-13;0.0
2015-09-14;8.0
2015-09-15;8.0
2015-09-16;8.0
2015-09-17;17.0
2015-09-18;25.0
2015-09-19;25.0
2015-09-20;33.0
2015-09-21;50.0
2015-09-22;67.0
2015-09-23;75.0
2015-09-24;83.0
2015-09-25;83.0
2015-09-26;92.0
2015-09-27;92.0
2015-09-28;100.0
2015-09-29;92.0
2015-09-30;92.0
2015-10-01;83.0
2015-10-02;75.0
2015-10-03;67.0
2015-10-04;58.0
2015-10-05;50.0
2015-10-06;25.0
2015-10-07;25.0
2015-10-08;17.0
2015-10-09;17.0
2015-10-10;8.0
2015-10-11;8.0
2015-10-12;8.0
2015-10-13;0.0
2015-10-14;8.0
2015-10-15;8.0
2015-10-16;8.0
2015-10-17;17.0
2015-10-18;25.0
2015-10-19;33.0
2015-10-20;50.0
2015-10-21;58.0
2015-10-22;67.0
2015-10-23;75.0
2015-10-24;83.0
2015-10-25;92.0
2015-10-26;92.0
2015-10-27;100.0
2015-10-28;92.0
2015-10-29;92.0
2015-10-30;83.0
2015-10-31;83.0
2015-11-01;75.0
2015-11-02;67.0
2015-11-03;50.0
2015-11-04;42.0
2015-11-05;25.0
2015-11-06;25.0
2015-11-07;17.0
2015-11-08;8.0
2015-11-09;8.0
2015-11-10;8.0
2015-11-11;0.0
2015-11-12;8.0
2015-11-13;8.0
2015-11-14;8.0
2015-11-15;17.0
2015-11-16;25.0
2015-11-17;25.0
2015-11-18;33.0
2015-11-19;50.0
2015-11-20;67.0
2015-11-21;75.0
2015-11-22;83.0
2015-11-23;92.0
2015-11-24;92.0
2015-11-25;92.0
2015-11-26;100.0
2015-11-27;92.0
2015-11-28;92.0
2015-11-29;83.0
2015-11-30;75.0
2015-12-01;67.0
2015-12-02;58.0
2015-12-03;50.0
2015-12-04;25.0
2015-12-05;25.0
2015-12-06;25.0
2015-12-07;17.0
2015-12-08;8.0
2015-12-09;8.0
2015-12-10;8.0
2015-12-11;0.0
2015-12-12;8.0
2015-12-13;8.0
2015-12-14;8.0
2015-12-15;17.0
2015-12-16;25.0
2015-12-17;33.0
2015-12-18;50.0
2015-12-19;58.0
2015-12-20;67.0
2015-12-21;75.0
2015-12-22;83.0
2015-12-23;92.0
2015-12-24;92.0
2015-12-25;100.0
2015-12-26;92.0
2015-12-27;92.0
2015-12-28;92.0
2015-12-29;83.0
2015-12-30;75.0
2015-12-31;67.0
2016-01-01;58.0
2016-01-02;50.0
2016-01-03;25.0
2016-01-04;25.0
2016-01-05;25.0
2016-01-06;17.0
2016-01-07;8.0
2016-01-08;8.0
2016-01-09;8.0
2016-01-10;0.0
2016-01-11;8.0
2016-01-12;8.0
2016-01-13;17.0
2016-01-14;25.0
2016-01-15;33.0
2016-01-16;42.0
2016-01-17;50.0
2016-01-18;67.0
2016-01-19;75.0
2016-01-20;83.0
2016-01-21;92.0
2016-01-22;92.0
2016-01-23;92.0
2016-01-24;100.0
2016-01-25;92.0
2016-01-26;92.0
2016-01-27;83.0
2016-01-28;83.0
2016-01-29;75.0
2016-01-30;67.0
2016-01-31;58.0
2016-02-01;50.0
2016-02-02;25.0
2016-02-03;25.0
2016-02-04;17.0
2016-02-05;17.0
2016-02-06;8.0
2016-02-07;8.0
2016-02-08;0.0
2016-02-09;8.0
2016-02-10;8.0
2016-02-11;8.0
2016-02-12;17.0
2016-02-13;25.0
2016-02-14;33.0
2016-02-15;50.0
2016-02-16;67.0
2016-02-17;75.0
2016-02-18;83.0
2016-02-19;83.0
2016-02-20;92.0
2016-02-21;92.0
2016-02-22;100.0
2016-02-23;92.0
2016-02-24;92.0
2016-02-25;92.0
2016-02-26;83.0
2016-02-27;83.0
2016-02-28;75.0
2016-02-29;67.0
2016-03-01;58.0
2016-03-02;50.0
2016-03-03;25.0
2016-03-04;25.0
2016-03-05;17.0
2016-03-06;8.0
2016-03-07;8.0
2016-03-08;8.0
2016-03-09;0.0
2016-03-10;8.0
2016-03-11;8.0
2016-03-12;17.0
2016-03-13;25.0
2016-03-14;33.0
2016-03-15;50.0
2016-03-16;58.0
2016-03-17;67.0
2016-03-18;75.0
2016-03-19;83.0
2016-03-20;92.0
2016-03-21;92.0
2016-03-22;92.0
2016-03-23;100.0
2016-03-24;92.0
2016-03-25;92.0
2016-03-26;92.0
2016-03-27;83.0
2016-03-28;75.0
2016-03-29;75.0
2016-03-30;67.0
2016-03-31;50.0
2016-04-01;42.0
2016-04-02;25.0
2016-04-03;25.0
2016-04-04;17.0
2016-04-05;8.0
2016-04-06;8.0
2016-04-07;0.0
2016-04-08;8.0
2016-04-09;8.0
2016-04-10;17.0
2016-04-11;25.0
2016-04-12;33.0
2016-04-13;42.0
2016-04-14;50.0
2016-04-15;67.0
2016-04-16;75.0
2016-04-17;75.0
2016-04-18;83.0
2016-04-19;92.0
2016-04-20;92.0
2016-04-21;92.0
2016-04-22;100.0
2016-04-23;92.0
2016-04-24;92.0
2016-04-25;92.0
2016-04-26;83.0
2016-04-27;75.0
2016-04-28;67.0
2016-04-29;58.0
2016-04-30;50.0
2016-05-01;25.0
2016-05-02;25.0
2016-05-03;17.0
2016-05-04;8.0
2016-05-05;8.0
2016-05-06;0.0
2016-05-07;8.0
2016-05-08;8.0
2016-05-09;8.0
2016-05-10;17.0
2016-05-11;25.0
2016-05-12;33.0
2016-05-13;50.0
2016-05-14;58.0
2016-05-15;67.0
2016-05-16;75.0
2016-05-17;83.0
2016-05-18;83.0
2016-05-19;92.0
2016-05-20;92.0
2016-05-21;92.0
2016-05-22;100.0
2016-05-23;92.0
2016-05-24;92.0
2016-05-25;83.0
2016-05-26;83.0
2016-05-27;75.0
2016-05-28;67.0
2016-05-29;50.0
2016-05-30;25.0
2016-05-31;25.0
2016-06-01;17.0
2016-06-02;17.0
2016-06-03;8.0
2016-06-04;8.0
2016-06-05;0.0
2016-06-06;8.0
2016-06-07;8.0
2016-06-08;17.0
2016-06-09;25.0
2016-06-10;33.0
2016-06-11;42.0
2016-06-12;50.0
2016-06-13;58.0
2016-06-14;67.0
2016-06-15;75.0
2016-06-16;83.0
2016-06-17;92.0
2016-06-18;92.0
2016-06-19;92.0
2016-06-20;100.0
2016-06-21;92.0
2016-06-22;92.0
2016-06-23;92.0
2016-06-24;83.0
2016-06-25;75.0
2016-06-26;67.0
2016-06-27;50.0
2016-06-28;42.0
2016-06-29;25.0
2016-06-30;25.0
2016-07-01;17.0
2016-07-02;8.0
2016-07-03;8.0
2016-07-04;0.0
2016-07-05;8.0
2016-07-06;8.0
2016-07-07;8.0
2016-07-08;17.0
2016-07-09;25.0
2016-07-10;33.0
2016-07-11;42.0
2016-07-12;50.0
2016-07-13;67.0
2016-07-14;75.0
2016-07-15;75.0
2016-07-16;83.0
2016-07-17;92.0
2016-07-18;92.0
2016-07-19;92.0
2016-07-20;100.0
2016-07-21;92.0
2016-07-22;92.0
2016-07-23;83.0
2016-07-24;75.0
2016-07-25;67.0
2016-07-26;58.0
2016-07-27;50.0
2016-07-28;25.0
2016-07-29;25.0
2016-07-30;17.0
2016-07-31;8.0
2016-08-01;8.0
2016-08-02;0.0
2016-08-03;8.0
2016-08-04;8.0
2016-08-05;8.0
2016-08-06;17.0
2016-08-07;17.0
2016-08-08;25.0
2016-08-09;33.0
2016-08-10;50.0
2016-08-11;58.0
2016-08-12;67.0
2016-08-13;75.0
2016-08-14;83.0
2016-08-15;83.0
2016-08-16;92.0
2016-08-17;92.0
2016-08-18;100.0
2016-08-19;92.0
2016-08-20;92.0
2016-08-21;83.0
2016-08-22;75.0
2016-08-23;67.0
2016-08-24;58.0
2016-08-25;50.0
2016-08-26;25.0
2016-08-27;25.0
2016-08-28;17.0
2016-08-29;8.0
2016-08-30;8.0
2016-08-31;8.0
2016-09-01;0.0
2016-09-02;8.0
2016-09-03;8.0
2016-09-04;8.0
2016-09-05;17.0
2016-09-06;25.0
2016-09-07;25.0
2016-09-08;33.0
2016-09-09;50.0
2016-09-10;58.0
2016-09-11;67.0
2016-09-12;75.0
2016-09-13;83.0
2016-09-14;92.0
2016-09-15;92.0
2016-09-16;100.0
2016-09-17;92.0
2016-09-18;92.0
2016-09-19;92.0
2016-09-20;83.0
2016-09-21;75.0
2016-09-22;67.0
2016-09-23;50.0
2016-09-24;25.0
2016-09-25;25.0
2016-09-26;17.0
2016-09-27;17.0
2016-09-28;8.0
2016-09-29;8.0
2016-09-30;8.0
2016-10-01;0.0
2016-10-02;8.0
2016-10-03;8.0
2016-10-04;8.0
2016-10-05;17.0
2016-10-06;25.0
2016-10-07;33.0
2016-10-08;42.0
2016-10-09;50.0
2016-10-10;67.0
2016-10-11;75.0
2016-10-12;83.0
2016-10-13;83.0
2016-10-14;92.0
2016-10-15;92.0
2016-10-16;100.0
2016-10-17;92.0
2016-10-18;92.0
2016-10-19;83.0
2016-10-20;75.0
2016-10-21;67.0
2016-10-22;50.0
2016-10-23;42.0
2016-10-24;25.0
2016-10-25;25.0
2016-10-26;17.0
2016-10-27;8.0
2016-10-28;8.0
2016-10-29;8.0
2016-10-30;0.0
2016-10-31;8.0
2016-11-01;8.0
2016-11-02;8.0
2016-11-03;17.0
2016-11-04;17.0
2016-11-05;25.0
2016-11-06;33.0
2016-11-07;50.0
2016-11-08;58.0
2016-11-09;67.0
2016-11-10;75.0
2016-11-11;83.0
2016-11-12;92.0
2016-11-13;92.0
2016-11-14;100.0
2016-11-15;92.0
2016-11-16;92.0
2016-11-17;83.0
2016-11-18;75.0
2016-11-19;75.0
2016-11-20;58.0
2016-11-21;50.0
2016-11-22;25.0
2016-11-23;25.0
2016-11-24;25.0
2016-11-25;17.0
2016-11-26;8.0
2016-11-27;8.0
2016-11-28;8.0
2016-11-29;0.0
2016-11-30;8.0
2016-12-01;8.0
2016-12-02;8.0
2016-12-03;17.0
2016-12-04;25.0
2016-12-05;25.0
2016-12-06;33.0
2016-12-07;50.0
2016-12-08;67.0
2016-12-09;75.0
2016-12-10;83.0
2016-12-11;83.0
2016-12-12;92.0
2016-12-13;92.0
2016-12-14;100.0
2016-12-15;92.0
2016-12-16;92.0
2016-12-17;83.0
2016-12-18;75.0
2016-12-19;67.0
2016-12-20;58.0
2016-12-21;50.0
2016-12-22;25.0
2016-12-23;25.0
2016-12-24;25.0
2016-12-25;17.0
2016-12-26;8.0
2016-12-27;8.0
2016-12-28;8.0
2016-12-29;0.0
2016-12-30;8.0
2016-12-31;8.0
2017-01-01;8.0
2017-01-02;17.0
2017-01-03;25.0
2017-01-04;33.0
2017-01-05;50.0
2017-01-06;58.0
2017-01-07;67.0
2017-01-08;75.0
2017-01-09;83.0
2017-01-10;92.0
2017-01-11;92.0
2017-01-12;100.0
2017-01-13;92.0
2017-01-14;92.0
2017-01-15;83.0
2017-01-16;83.0
2017-01-17;75.0
2017-01-18;67.0
2017-01-19;58.0
2017-01-20;50.0
2017-01-21;25.0
2017-01-22;25.0
2017-01-23;17.0
2017-01-24;17.0
2017-01-25;8.0
2017-01-26;8.0
2017-01-27;8.0
2017-01-28;0.0
2017-01-29;8.0
2017-01-30;8.0
2017-01-31;17.0
2017-02-01;25.0
2017-02-02;25.0
2017-02-03;42.0
2017-02-04;50.0
2017-02-05;67.0
2017-02-06;75.0
2017-02-07;83.0
2017-02-08;92.0
2017-02-09;92.0
2017-02-10;92.0
2017-02-11;100.0
2017-02-12;92.0
2017-02-13;92.0
2017-02-14;83.0
2017-02-15;83.0
2017-02-16;75.0
2017-02-17;67.0
2017-02-18;50.0
2017-02-19;42.0
2017-02-20;25.0
2017-02-21;25.0
2017-02-22;17.0
2017-02-23;17.0
2017-02-24;8.0
2017-02-25;8.0
2017-02-26;0.0
2017-02-27;8.0
2017-02-28;8.0
2017-03-01;8.0
2017-03-02;17.0
2017-03-03;25.0
2017-03-04;33.0
2017-03-05;50.0
2017-03-06;58.0
2017-03-07;75.0
2017-03-08;75.0
2017-03-09;83.0
2017-03-10;92.0
2017-03-11;92.0
2017-03-12;100.0
2017-03-13;92.0
2017-03-14;92.0
2017-03-15;92.0
2017-03-16;83.0
2017-03-17;75.0
2017-03-18;75.0
2017-03-19;67.0
2017-03-20;50.0
2017-03-21;42.0
2017-03-22;25.0
2017-03-23;25.0
2017-03-24;17.0
2017-03-25;8.0
2017-03-26;8.0
2017-03-27;8.0
2017-03-28;0.0
2017-03-29;8.0
2017-03-30;8.0
2017-03-31;17.0
2017-04-01;25.0
2017-04-02;33.0
2017-04-03;50.0
2017-04-04;58.0
2017-04-05;67.0
2017-04-06;75.0
2017-04-07;83.0
2017-04-08;92.0
2017-04-09;92.0
2017-04-10;92.0
2017-04-11;100.0
2017-04-12;92.0
2017-04-13;92.0
2017-04-14;92.0
2017-04-15;83.0
2017-04-16;75.0
2017-04-17;67.0
2017-04-18;58.0
2017-04-19;50.0
2017-04-20;42.0
2017-04-21;25.0
2017-04-22;25.0
2017-04-23;17.0
2017-04-24;8.0
2017-04-25;8.0
2017-04-26;0.0
2017-04-27;8.0
2017-04-28;8.0
2017-04-29;17.0
2017-04-30;25.0
2017-05-01;33.0
2017-05-02;42.0
2017-05-03;50.0
2017-05-04;67.0
2017-05-05;75.0
2017-05-06;83.0
2017-05-07;83.0
2017-05-08;92.0
2017-05-09;92.0
2017-05-10;92.0
2017-05-11;100.0
2017-05-12;92.0
2017-05-13;92.0
2017-05-14;83.0
2017-05-15;83.0
2017-05-16;75.0
2017-05-17;67.0
2017-05-18;58.0
2017-05-19;50.0
2017-05-20;25.0
2017-05-21;25.0
2017-05-22;17.0
2017-05-23;8.0
2017-05-24;8.0
2017-05-25;0.0
2017-05-26;8.0
2017-05-27;8.0
2017-05-28;8.0
2017-05-29;17.0
2017-05-30;25.0
2017-05-31;33.0
2017-06-01;50.0
2017-06-02;58.0
2017-06-03;67.0
2017-06-04;75.0
2017-06-05;83.0
2017-06-06;92.0
2017-06-07;92.0
2017-06-08;92.0
2017-06-09;100.0
2017-06-10;92.0
2017-06-11;92.0
2017-06-12;92.0
2017-06-13;83.0
2017-06-14;75.0
2017-06-15;75.0
2017-06-16;67.0
2017-06-17;50.0
2017-06-18;25.0
2017-06-19;25.0
2017-06-20;17.0
2017-06-21;17.0
2017-06-22;8.0
2017-06-23;8.0
2017-06-24;0.0
2017-06-25;8.0
2017-06-26;8.0
2017-06-27;17.0
2017-06-28;25.0
2017-06-29;33.0
2017-06-30;42.0
2017-07-01;50.0
2017-07-02;67.0
2017-07-03;75.0
2017-07-04;75.0
2017-07-05;83.0
2017-07-06;92.0
2017-07-07;92.0
2017-07-08;92.0
2017-07-09;100.0
2017-07-10;92.0
2017-07-11;92.0
2017-07-12;83.0
2017-07-13;83.0
2017-07-14;75.0
2017-07-15;67.0
2017-07-16;50.0
2017-07-17;42.0
2017-07-18;25.0
2017-07-19;25.0
2017-07-20;17.0
2017-07-21;8.0
2017-07-22;8.0
2017-07-23;0.0
2017-07-24;8.0
2017-07-25;8.0
2017-07-26;17.0
2017-07-27;17.0
2017-07-28;25.0
2017-07-29;33.0
2017-07-30;50.0
2017-07-31;58.0
2017-08-01;67.0
2017-08-02;75.0
2017-08-03;83.0
2017-08-04;83.0
2017-08-05;92.0
2017-08-06;92.0
2017-08-07;100.0
2017-08-08;92.0
2017-08-09;92.0
2017-08-10;92.0
2017-08-11;83.0
2017-08-12;75.0
2017-08-13;67.0
2017-08-14;58.0
2017-08-15;50.0
2017-08-16;25.0
2017-08-17;25.0
2017-08-18;17.0
2017-08-19;8.0
2017-08-20;8.0
2017-08-21;0.0
2017-08-22;8.0
2017-08-23;8.0
2017-08-24;8.0
2017-08-25;17.0
2017-08-26;25.0
2017-08-27;33.0
2017-08-28;42.0
2017-08-29;50.0
2017-08-30;58.0
2017-08-31;67.0
2017-09-01;75.0
2017-09-02;83.0
2017-09-03;92.0
2017-09-04;92.0
2017-09-05;92.0
2017-09-06;100.0
2017-09-07;92.0
2017-09-08;92.0
2017-09-09;83.0
2017-09-10;83.0
2017-09-11;75.0
2017-09-12;58.0
2017-09-13;50.0
2017-09-14;25.0
2017-09-15;25.0
2017-09-16;17.0
2017-09-17;8.0
2017-09-18;8.0
2017-09-19;8.0
2017-09-20;0.0
2017-09-21;8.0
2017-09-22;8.0
2017-09-23;8.0
2017-09-24;17.0
2017-09-25;25.0
2017-09-26;33.0
2017-09-27;42.0
2017-09-28;50.0
2017-09-29;67.0
2017-09-30;75.0
2017-10-01;75.0
2017-10-02;83.0
2017-10-03;92.0
2017-10-04;92.0
2017-10-05;100.0
2017-10-06;92.0
2017-10-07;92.0
2017-10-08;92.0
2017-10-09;83.0
2017-10-10;75.0
2017-10-11;67.0
2017-10-12;50.0
2017-10-13;42.0
2017-10-14;25.0
2017-10-15;17.0
2017-10-16;17.0
2017-10-17;8.0
2017-10-18;8.0
2017-10-19;0.0
2017-10-20;8.0
2017-10-21;8.0
2017-10-22;8.0
2017-10-23;17.0
2017-10-24;17.0
2017-10-25;25.0
2017-10-26;33.0
2017-10-27;42.0
2017-10-28;50.0
2017-10-29;67.0
2017-10-30;75.0
2017-10-31;83.0
2017-11-01;83.0
2017-11-02;92.0
2017-11-03;92.0
2017-11-04;100.0
2017-11-05;92.0
2017-11-06;92.0
2017-11-07;83.0
2017-11-08;75.0
2017-11-09;67.0
2017-11-10;50.0
2017-11-11;42.0
2017-11-12;25.0
2017-11-13;25.0
2017-11-14;17.0
2017-11-15;8.0
2017-11-16;8.0
2017-11-17;8.0
2017-11-18;0.0
2017-11-19;8.0
2017-11-20;8.0
2017-11-21;8.0
2017-11-22;17.0
2017-11-23;17.0
2017-11-24;25.0
2017-11-25;33.0
2017-11-26;50.0
2017-11-27;58.0
2017-11-28;67.0
2017-11-29;75.0
2017-11-30;83.0
2017-12-01;92.0
2017-12-02;92.0
2017-12-03;100.0
2017-12-04;92.0
2017-12-05;92.0
2017-12-06;83.0
2017-12-07;83.0
2017-12-08;75.0
2017-12-09;58.0
2017-12-10;50.0
2017-12-11;25.0
2017-12-12;25.0
2017-12-13;25.0
2017-12-14;17.0
2017-12-15;8.0
2017-12-16;8.0
2017-12-17;8.0
2017-12-18;0.0
2017-12-19;8.0
2017-12-20;8.0
2017-12-21;8.0
2017-12-22;17.0
2017-12-23;25.0
2017-12-24;25.0
2017-12-25;33.0
2017-12-26;50.0
2017-12-27;67.0
2017-12-28;75.0
2017-12-29;83.0
2017-12-30;83.0
2017-12-31;92.0
2018-01-01;92.0
2018-01-02;100.0
2018-01-03;92.0
2018-01-04;92.0
2018-01-05;83.0
2018-01-06;75.0
2018-01-07;67.0
2018-01-08;58.0
2018-01-09;50.0
2018-01-10;25.0
2018-01-11;25.0
2018-01-12;17.0
2018-01-13;17.0
2018-01-14;8.0
2018-01-15;8.0
2018-01-16;8.0
2018-01-17;0.0
2018-01-18;8.0
2018-01-19;8.0
2018-01-20;8.0
2018-01-21;17.0
2018-01-22;25.0
2018-01-23;33.0
2018-01-24;42.0
2018-01-25;50.0
2018-01-26;67.0
2018-01-27;75.0
2018-01-28;83.0
2018-01-29;92.0
2018-01-30;92.0
2018-01-31;100.0
2018-02-01;92.0
2018-02-02;92.0
2018-02-03;83.0
2018-02-04;83.0
2018-02-05;75.0
2018-02-06;67.0
2018-02-07;50.0
2018-02-08;42.0
2018-02-09;25.0
2018-02-10;25.0
2018-02-11;17.0
2018-02-12;17.0
2018-02-13;8.0
2018-02-14;8.0
2018-02-15;8.0
2018-02-16;0.0
2018-02-17;8.0
2018-02-18;8.0
2018-02-19;17.0
2018-02-20;17.0
2018-02-21;25.0
2018-02-22;33.0
2018-02-23;50.0
2018-02-24;67.0
2018-02-25;75.0
2018-02-26;83.0
2018-02-27;92.0
2018-02-28;92.0
2018-03-01;92.0
2018-03-02;100.0
2018-03-03;92.0
2018-03-04;92.0
2018-03-05;83.0
2018-03-06;75.0
2018-03-07;67.0
2018-03-08;67.0
2018-03-09;50.0
2018-03-10;42.0
2018-03-11;25.0
2018-03-12;25.0
2018-03-13;17.0
2018-03-14;8.0
2018-03-15;8.0
2018-03-16;8.0
2018-03-17;0.0
2018-03-18;8.0
2018-03-19;8.0
2018-03-20;8.0
2018-03-21;17.0
2018-03-22;25.0
2018-03-23;33.0
2018-03-24;50.0
2018-03-25;58.0
2018-03-26;67.0
2018-03-27;75.0
2018-03-28;83.0
2018-03-29;92.0
2018-03-30;92.0
2018-03-31;100.0
2018-04-01;92.0
2018-04-02;92.0
2018-04-03;92.0
2018-04-04;83.0
2018-04-05;75.0
2018-04-06;67.0
2018-04-07;58.0
2018-04-08;50.0
2018-04-09;25.0
2018-04-10;25.0
2018-04-11;25.0
2018-04-12;17.0
2018-04-13;8.0
2018-04-14;8.0
2018-04-15;8.0
2018-04-16;0.0
2018-04-17;8.0
2018-04-18;8.0
2018-04-19;17.0
2018-04-20;25.0
2018-04-21;33.0
2018-04-22;42.0
2018-04-23;50.0
2018-04-24;67.0
2018-04-25;75.0
2018-04-26;83.0
2018-04-27;92.0
2018-04-28;92.0
2018-04-29;92.0
2018-04-30;100.0
2018-05-01;92.0
2018-05-02;92.0
2018-05-03;83.0
2018-05-04;83.0
2018-05-05;75.0
2018-05-06;67.0
2018-05-07;58.0
2018-05-08;50.0
2018-05-09;25.0
2018-05-10;25.0
2018-05-11;17.0
2018-05-12;17.0
2018-05-13;8.0
2018-05-14;8.0
2018-05-15;0.0
2018-05-16;8.0
2018-05-17;8.0
2018-05-18;17.0
2018-05-19;17.0
2018-05-20;25.0
2018-05-21;42.0
2018-05-22;50.0
2018-05-23;67.0
2018-05-24;75.0
2018-05-25;83.0
2018-05-26;83.0
2018-05-27;92.0
2018-05-28;92.0
2018-05-29;100.0
2018-05-30;92.0
2018-05-31;92.0
2018-06-01;92.0
2018-06-02;83.0
2018-06-03;83.0
2018-06-04;75.0
2018-06-05;67.0
2018-06-06;50.0
2018-06-07;42.0
2018-06-08;25.0
2018-06-09;25.0
2018-06-10;17.0
2018-06-11;8.0
2018-06-12;8.0
2018-06-13;0.0
2018-06-14;8.0
2018-06-15;8.0
2018-06-16;8.0
2018-06-17;17.0
2018-06-18;25.0
2018-06-19;33.0
2018-06-20;50.0
2018-06-21;58.0
2018-06-22;67.0
2018-06-23;75.0
2018-06-24;83.0
2018-06-25;92.0
2018-06-26;92.0
2018-06-27;92.0
2018-06-28;100.0
2018-06-29;92.0
2018-06-30;92.0
2018-07-01;92.0
2018-07-02;83.0
2018-07-03;75.0
2018-07-04;67.0
2018-07-05;58.0
2018-07-06;50.0
2018-07-07;25.0
2018-07-08;25.0
2018-07-09;17.0
2018-07-10;17.0
2018-07-11;8.0
2018-07-12;8.0
2018-07-13;0.0
2018-07-14;8.0
2018-07-15;8.0
2018-07-16;17.0
2018-07-17;25.0
2018-07-18;33.0
2018-07-19;50.0
2018-07-20;58.0
2018-07-21;67.0
2018-07-22;75.0
2018-07-23;83.0
2018-07-24;83.0
2018-07-25;92.0
2018-07-26;92.0
2018-07-27;100.0
2018-07-28;92.0
2018-07-29;92.0
2018-07-30;92.0
2018-07-31;83.0
2018-08-01;83.0
2018-08-02;75.0
2018-08-03;67.0
2018-08-04;50.0
2018-08-05;42.0
2018-08-06;25.0
2018-08-07;25.0
2018-08-08;17.0
2018-08-09;8.0
2018-08-10;8.0
2018-08-11;0.0
2018-08-12;8.0
2018-08-13;8.0
2018-08-14;17.0
2018-08-15;25.0
2018-08-16;25.0
2018-08-17;42.0
2018-08-18;50.0
2018-08-19;67.0
2018-08-20;67.0
2018-08-21;75.0
2018-08-22;83.0
2018-08-23;92.0
2018-08-24;92.0
2018-08-25;92.0
2018-08-26;100.0
2018-08-27;92.0
2018-08-28;92.0
2018-08-29;92.0
2018-08-30;83.0
2018-08-31;75.0
2018-09-01;67.0
2018-09-02;58.0
2018-09-03;50.0
2018-09-04;25.0
2018-09-05;25.0
2018-09-06;17.0
2018-09-07;8.0
2018-09-08;8.0
2018-09-09;0.0
2018-09-10;8.0
2018-09-11;8.0
2018-09-12;8.0
2018-09-13;17.0
2018-09-14;25.0
2018-09-15;33.0
2018-09-16;42.0
2018-09-17;50.0
2018-09-18;67.0
2018-09-19;75.0
2018-09-20;75.0
2018-09-21;83.0
2018-09-22;92.0
2018-09-23;92.0
2018-09-24;92.0
2018-09-25;100.0
2018-09-26;92.0
2018-09-27;92.0
2018-09-28;83.0
2018-09-29;83.0
2018-09-30;75.0
2018-10-01;67.0
2018-10-02;50.0
2018-10-03;25.0
2018-10-04;25.0
2018-10-05;17.0
2018-10-06;8.0
2018-10-07;8.0
2018-10-08;8.0
2018-10-09;0.0
2018-10-10;8.0
2018-10-11;8.0
2018-10-12;17.0
2018-10-13;17.0
2018-10-14;25.0
2018-10-15;33.0
2018-10-16;50.0
2018-10-17;58.0
2018-10-18;67.0
2018-10-19;75.0
2018-10-20;83.0
2018-10-21;83.0
2018-10-22;92.0
2018-10-23;92.0
2018-10-24;100.0
2018-10-25;92.0
2018-10-26;92.0
2018-10-27;92.0
2018-10-28;83.0
2018-10-29;75.0
2018-10-30;67.0
2018-10-31;50.0
2018-11-01;42.0
2018-11-02;25.0
2018-11-03;25.0
2018-11-04;17.0
2018-11-05;8.0
2018-11-06;8.0
2018-11-07;0.0
2018-11-08;8.0
2018-11-09;8.0
2018-11-10;8.0
2018-11-11;17.0
2018-11-12;25.0
2018-11-13;25.0
2018-11-14;33.0
2018-11-15;50.0
2018-11-16;58.0
2018-11-17;67.0
2018-11-18;75.0
2018-11-19;83.0
2018-11-20;83.0
2018-11-21;92.0
2018-11-22;92.0
2018-11-23;100.0
2018-11-24;92.0
2018-11-25;92.0
2018-11-26;83.0
2018-11-27;75.0
2018-11-28;67.0
2018-11-29;58.0
2018-11-30;50.0
2018-12-01;25.0
2018-12-02;25.0
2018-12-03;17.0
2018-12-04;8.0
2018-12-05;8.0
2018-12-06;8.0
2018-12-07;0.0
2018-12-08;8.0
2018-12-09;8.0
2018-12-10;8.0
2018-12-11;17.0
2018-12-12;25.0
2018-12-13;33.0
2018-12-14;33.0
2018-12-15;50.0
2018-12-16;58.0
2018-12-17;67.0
2018-12-18;75.0
2018-12-19;83.0
2018-12-20;92.0
2018-12-21;92.0
2018-12-22;100.0
2018-12-23;92.0
2018-12-24;92.0
2018-12-25;83.0
2018-12-26;83.0
2018-12-27;75.0
2018-12-28;67.0
2018-12-29;50.0
2018-12-30;25.0
2018-12-31;25.0
2019-01-01;17.0
2019-01-02;17.0
2019-01-03;8.0
2019-01-04;8.0
2019-01-05;8.0
2019-01-06;0.0
2019-01-07;8.0
2019-01-08;8.0
2019-01-09;8.0
2019-01-10;17.0
2019-01-11;25.0
2019-01-12;33.0
2019-01-13;42.0
2019-01-14;50.0
2019-01-15;67.0
2019-01-16;75.0
2019-01-17;83.0
2019-01-18;83.0
2019-01-19;92.0
2019-01-20;92.0
2019-01-21;100.0
2019-01-22;92.0
2019-01-23;92.0
2019-01-24;83.0
2019-01-25;75.0
2019-01-26;67.0
2019-01-27;58.0
2019-01-28;50.0
2019-01-29;25.0
2019-01-30;25.0
2019-01-31;17.0
2019-02-01;17.0
2019-02-02;8.0
2019-02-03;8.0
2019-02-04;8.0
2019-02-05;0.0
2019-02-06;8.0
2019-02-07;8.0
2019-02-08;17.0
2019-02-09;17.0
2019-02-10;25.0
2019-02-11;33.0
2019-02-12;42.0
2019-02-13;50.0
2019-02-14;67.0
2019-02-15;75.0
2019-02-16;83.0
2019-02-17;92.0
2019-02-18;92.0
2019-02-19;100.0
2019-02-20;92.0
2019-02-21;92.0
2019-02-22;83.0
2019-02-23;83.0
2019-02-24;75.0
2019-02-25;67.0
2019-02-26;50.0
2019-02-27;42.0
2019-02-28;25.0
2019-03-01;25.0
2019-03-02;17.0
2019-03-03;8.0
2019-03-04;8.0
2019-03-05;8.0
2019-03-06;0.0
2019-03-07;8.0
2019-03-08;8.0
2019-03-09;8.0
2019-03-10;17.0
2019-03-11;17.0
2019-03-12;25.0
2019-03-13;33.0
2019-03-14;50.0
2019-03-15;58.0
2019-03-16;75.0
2019-03-17;83.0
2019-03-18;83.0
2019-03-19;92.0
2019-03-20;92.0
2019-03-21;100.0
2019-03-22;92.0
2019-03-23;92.0
2019-03-24;83.0
2019-03-25;75.0
2019-03-26;67.0
2019-03-27;58.0
2019-03-28;50.0
2019-03-29;25.0
2019-03-30;25.0
2019-03-31;25.0
2019-04-01;17.0
2019-04-02;8.0
2019-04-03;8.0
2019-04-04;8.0
2019-04-05;0.0
2019-04-06;8.0
2019-04-07;8.0
2019-04-08;8.0
2019-04-09;17.0
2019-04-10;25.0
2019-04-11;33.0
2019-04-12;50.0
2019-04-13;58.0
2019-04-14;67.0
2019-04-15;75.0
2019-04-16;83.0
2019-04-17;92.0
2019-04-18;92.0
2019-04-19;100.0
2019-04-20;92.0
2019-04-21;92.0
2019-04-22;83.0
2019-04-23;83.0
2019-04-24;75.0
2019-04-25;67.0
2019-04-26;58.0
2019-04-27;50.0
2019-04-28;25.0
2019-04-29;25.0
2019-04-30;17.0
2019-05-01;17.0
2019-05-02;8.0
2019-05-03;8.0
2019-05-04;8.0
2019-05-05;0.0
2019-05-06;8.0
2019-05-07;8.0
2019-05-08;17.0
2019-05-09;25.0
2019-05-10;33.0
2019-05-11;42.0
2019-05-12;50.0
2019-05-13;67.0
2019-05-14;75.0
2019-05-15;83.0
2019-05-16;92.0
2019-05-17;92.0
2019-05-18;92.0
2019-05-19;100.0
2019-05-20;92.0
2019-05-21;92.0
2019-05-22;83.0
2019-05-23;75.0
2019-05-24;75.0
2019-05-25;67.0
2019-05-26;50.0
2019-05-27;42.0
2019-05-28;25.0
2019-05-29;25.0
2019-05-30;17.0
2019-05-31;8.0
2019-06-01;8.0
2019-06-02;8.0
2019-06-03;0.0
2019-06-04;8.0
2019-06-05;8.0
2019-06-06;17.0
2019-06-07;17.0
2019-06-08;25.0
2019-06-09;33.0
2019-06-10;50.0
2019-06-11;67.0
2019-06-12;75.0
2019-06-13;83.0
2019-06-14;83.0
2019-06-15;92.0
2019-06-16;92.0
2019-06-17;100.0
2019-06-18;92.0
2019-06-19;92.0
2019-06-20;92.0
2019-06-21;83.0
2019-06-22;75.0
2019-06-23;67.0
2019-06-24;58.0
2019-06-25;50.0
2019-06-26;42.0
2019-06-27;25.0
2019-06-28;25.0
2019-06-29;17.0
2019-06-30;8.0
2019-07-01;8.0
2019-07-02;0.0
2019-07-03;8.0
2019-07-04;8.0
2019-07-05;8.0
2019-07-06;17.0
2019-07-07;25.0
2019-07-08;33.0
2019-07-09;50.0
2019-07-10;58.0
2019-07-11;75.0
2019-07-12;75.0
2019-07-13;83.0
2019-07-14;92.0
2019-07-15;92.0
2019-07-16;92.0
2019-07-17;100.0
2019-07-18;92.0
2019-07-19;92.0
2019-07-20;83.0
2019-07-21;83.0
2019-07-22;75.0
2019-07-23;67.0
2019-07-24;58.0
2019-07-25;50.0
2019-07-26;25.0
2019-07-27;25.0
2019-07-28;17.0
2019-07-29;8.0
2019-07-30;8.0
2019-07-31;8.0
2019-08-01;0.0
2019-08-02;8.0
2019-08-03;8.0
2019-08-04;17.0
2019-08-05;25.0
2019-08-06;33.0
2019-08-07;50.0
2019-08-08;58.0
2019-08-09;67.0
2019-08-10;75.0
2019-08-11;83.0
2019-08-12;92.0
2019-08-13;92.0
2019-08-14;92.0
2019-08-15;100.0
2019-08-16;92.0
2019-08-17;92.0
2019-08-18;92.0
2019-08-19;83.0
2019-08-20;75.0
2019-08-21;75.0
2019-08-22;67.0
2019-08-23;50.0
2019-08-24;42.0
2019-08-25;25.0
2019-08-26;25.0
2019-08-27;17.0
2019-08-28;8.0
2019-08-29;8.0
2019-08-30;0.0
2019-08-31;8.0
2019-09-01;8.0
2019-09-02;17.0
2019-09-03;25.0
2019-09-04;33.0
2019-09-05;42.0
2019-09-06;50.0
2019-09-07;67.0
2019-09-08;75.0
2019-09-09;83.0
2019-09-10;83.0
2019-09-11;92.0
2019-09-12;92.0
2019-09-13;92.0
2019-09-14;100.0
2019-09-15;92.0
2019-09-16;92.0
2019-09-17;92.0
2019-09-18;83.0
2019-09-19;75.0
2019-09-20;67.0
2019-09-21;58.0
2019-09-22;50.0
2019-09-23;25.0
2019-09-24;25.0
2019-09-25;17.0
2019-09-26;8.0
2019-09-27;8.0
2019-09-28;0.0
2019-09-29;8.0
2019-09-30;8.0
2019-10-01;8.0
2019-10-02;17.0
2019-10-03;25.0
2019-10-04;33.0
2019-10-05;50.0
2019-10-06;58.0
2019-10-07;67.0
2019-10-08;75.0
2019-10-09;83.0
2019-10-10;83.0
2019-10-11;92.0
2019-10-12;92.0
2019-10-13;92.0
2019-10-14;100.0
2019-10-15;92.0
2019-10-16;92.0
2019-10-17;83.0
2019-10-18;83.0
2019-10-19;75.0
2019-10-20;67.0
2019-10-21;50.0
2019-10-22;42.0
2019-10-23;25.0
2019-10-24;17.0
2019-10-25;17.0
2019-10-26;8.0
2019-10-27;8.0
2019-10-28;0.0
2019-10-29;8.0
2019-10-30;8.0
2019-10-31;17.0
2019-11-01;25.0
2019-11-02;25.0
2019-11-03;33.0
2019-11-04;50.0
2019-11-05;58.0
2019-11-06;67.0
2019-11-07;75.0
2019-11-08;83.0
2019-11-09;83.0
2019-11-10;92.0
2019-11-11;92.0
2019-11-12;100.0
2019-11-13;92.0
2019-11-14;92.0
2019-11-15;92.0
2019-11-16;83.0
2019-11-17;75.0
2019-11-18;67.0
2019-11-19;58.0
2019-11-20;50.0
2019-11-21;25.0
2019-11-22;25.0
2019-11-23;17.0
2019-11-24;8.0
2019-11-25;8.0
2019-11-26;0.0
2019-11-27;8.0
2019-11-28;8.0
2019-11-29;8.0
2019-11-30;17.0
2019-12-01;25.0
2019-12-02;33.0
2019-12-03;42.0
2019-12-04;50.0
2019-12-05;58.0
2019-12-06;67.0
2019-12-07;75.0
2019-12-08;83.0
2019-12-09;92.0
2019-12-10;92.0
2019-12-11;92.0
2019-12-12;100.0
2019-12-13;92.0
2019-12-14;92.0
2019-12-15;83.0
2019-12-16;75.0
2019-12-17;67.0
2019-12-18;58.0
2019-12-19;50.0
2019-12-20;25.0
2019-12-21;25.0
2019-12-22;17.0
2019-12-23;8.0
2019-12-24;8.0
2019-12-25;8.0
2019-12-26;0.0
2019-12-27;8.0
2019-12-28;8.0
2019-12-29;8.0
2019-12-30;17.0
2019-12-31;25.0
2020-01-01;33.0
2020-01-02;42.0
2020-01-03;50.0
2020-01-04;67.0
2020-01-05;67.0
2020-01-06;75.0
2020-01-07;83.0
2020-01-08;92.0
2020-01-09;92.0
2020-01-10;100.0
2020-01-11;92.0
2020-01-12;92.0
2020-01-13;92.0
2020-01-14;83.0
2020-01-15;75.0
2020-01-16;67.0
2020-01-17;50.0
2020-01-18;42.0
2020-01-19;25.0
2020-01-20;25.0
2020-01-21;17.0
2020-01-22;8.0
2020-01-23;8.0
2020-01-24;8.0
2020-01-25;0.0
2020-01-26;8.0
2020-01-27;8.0
2020-01-28;17.0
2020-01-29;17.0
2020-01-30;25.0
2020-01-31;33.0
2020-02-01;42.0
2020-02-02;50.0
2020-02-03;67.0
2020-02-04;75.0
2020-02-05;83.0
2020-02-06;83.0
2020-02-07;92.0
2020-02-08;92.0
2020-02-09;100.0
2020-02-10;92.0
2020-02-11;92.0
2020-02-12;83.0
2020-02-13;75.0
2020-02-14;67.0
2020-02-15;58.0
2020-02-16;50.0
2020-02-17;25.0
2020-02-18;25.0
2020-02-19;17.0
2020-02-20;8.0
2020-02-21;8.0
2020-02-22;8.0
2020-02-23;0.0
2020-02-24;8.0
2020-02-25;8.0
2020-02-26;8.0
2020-02-27;17.0
2020-02-28;17.0
2020-02-29;25.0
2020-03-01;33.0
2020-03-02;50.0
2020-03-03;58.0
2020-03-04;67.0
2020-03-05;75.0
2020-03-06;83.0
2020-03-07;92.0
2020-03-08;92.0
2020-03-09;100.0
2020-03-10;92.0
2020-03-11;92.0
2020-03-12;83.0
2020-03-13;83.0
2020-03-14;75.0
2020-03-15;67.0
2020-03-16;50.0
2020-03-17;25.0
2020-03-18;25.0
2020-03-19;25.0
2020-03-20;17.0
2020-03-21;8.0
2020-03-22;8.0
2020-03-23;8.0
2020-03-24;0.0
2020-03-25;8.0
2020-03-26;8.0
2020-03-27;8.0
2020-03-28;17.0
2020-03-29;25.0
2020-03-30;25.0
2020-03-31;33.0
2020-04-01;50.0
2020-04-02;58.0
2020-04-03;75.0
2020-04-04;83.0
2020-04-05;83.0
2020-04-06;92.0
2020-04-07;92.0
2020-04-08;100.0
2020-04-09;92.0
2020-04-10;92.0
2020-04-11;83.0
2020-04-12;75.0
2020-04-13;67.0
2020-04-14;58.0
2020-04-15;50.0
2020-04-16;25.0
2020-04-17;25.0
2020-04-18;17.0
2020-04-19;17.0
2020-04-20;8.0
2020-04-21;8.0
2020-04-22;8.0
2020-04-23;0.0
2020-04-24;8.0
2020-04-25;8.0
2020-04-26;8.0
2020-04-27;17.0
2020-04-28;25.0
2020-04-29;33.0
2020-04-30;50.0
2020-05-01;58.0
2020-05-02;67.0
2020-05-03;75.0
2020-05-04;83.0
2020-05-05;92.0
2020-05-06;92.0
2020-05-07;100.0
2020-05-08;92.0
2020-05-09;92.0
2020-05-10;83.0
2020-05-11;83.0
2020-05-12;75.0
2020-05-13;67.0
2020-05-14;50.0
2020-05-15;42.0
2020-05-16;25.0
2020-05-17;25.0
2020-05-18;17.0
2020-05-19;8.0
2020-05-20;8.0
2020-05-21;8.0
2020-05-22;0.0
2020-05-23;8.0
2020-05-24;8.0
2020-05-25;8.0
2020-05-26;17.0
2020-05-27;25.0
2020-05-28;33.0
2020-05-29;42.0
2020-05-30;50.0
2020-05-31;67.0
2020-06-01;75.0
2020-06-02;83.0
2020-06-03;92.0
2020-06-04;92.0
2020-06-05;100.0
2020-06-06;92.0
2020-06-07;92.0
2020-06-08;92.0
2020-06-09;83.0
2020-06-10;75.0
2020-06-11;67.0
2020-06-12;58.0
2020-06-13;50.0
2020-06-14;25.0
2020-06-15;25.0
2020-06-16;25.0
2020-06-17;17.0
2020-06-18;8.0
2020-06-19;8.0
2020-06-20;8.0
2020-06-21;0.0
2020-06-22;8.0
2020-06-23;8.0
2020-06-24;17.0
2020-06-25;17.0
2020-06-26;25.0
2020-06-27;33.0
2020-06-28;50.0
2020-06-29;67.0
2020-06-30;75.0
2020-07-01;83.0
2020-07-02;83.0
2020-07-03;92.0
2020-07-04;92.0
2020-07-05;100.0
2020-07-06;92.0
2020-07-07;92.0
2020-07-08;83.0
2020-07-09;83.0
2020-07-10;75.0
2020-07-11;67.0
2020-07-12;58.0
2020-07-13;50.0
2020-07-14;25.0
2020-07-15;25.0
2020-07-16;17.0
2020-07-17;17.0
2020-07-18;8.0
2020-07-19;8.0
2020-07-20;0.0
2020-07-21;8.0
2020-07-22;8.0
2020-07-23;8.0
2020-07-24;17.0
2020-07-25;25.0
2020-07-26;33.0
2020-07-27;50.0
2020-07-28;58.0
2020-07-29;75.0
2020-07-30;75.0
2020-07-31;83.0
2020-08-01;92.0
2020-08-02;92.0
2020-08-03;100.0
2020-08-04;92.0
2020-08-05;92.0
2020-08-06;92.0
2020-08-07;83.0
2020-08-08;75.0
2020-08-09;75.0
2020-08-10;67.0
2020-08-11;50.0
2020-08-12;42.0
2020-08-13;25.0
2020-08-14;25.0
2020-08-15;17.0
2020-08-16;8.0
2020-08-17;8.0
2020-08-18;8.0
2020-08-19;0.0
2020-08-20;8.0
2020-08-21;8.0
2020-08-22;17.0
2020-08-23;25.0
2020-08-24;33.0
2020-08-25;50.0
2020-08-26;58.0
2020-08-27;67.0
2020-08-28;75.0
2020-08-29;83.0
2020-08-30;92.0
2020-08-31;92.0
2020-09-01;92.0
2020-09-02;100.0
2020-09-03;92.0
2020-09-04;92.0
2020-09-05;92.0
2020-09-06;83.0
2020-09-07;75.0
2020-09-08;67.0
2020-09-09;58.0
2020-09-10;50.0
2020-09-11;25.0
2020-09-12;25.0
2020-09-13;25.0
2020-09-14;17.0
2020-09-15;8.0
2020-09-16;8.0
2020-09-17;0.0
2020-09-18;8.0
2020-09-19;8.0
2020-09-20;17.0
2020-09-21;25.0
2020-09-22;33.0
2020-09-23;42.0
2020-09-24;50.0
2020-09-25;67.0
2020-09-26;75.0
2020-09-27;83.0
2020-09-28;83.0
2020-09-29;92.0
2020-09-30;92.0
2020-10-01;92.0
2020-10-02;100.0
2020-10-03;92.0
2020-10-04;92.0
2020-10-05;83.0
2020-10-06;83.0
2020-10-07;75.0
2020-10-08;67.0
2020-10-09;58.0
2020-10-10;50.0
2020-10-11;25.0
2020-10-12;25.0
2020-10-13;17.0
2020-10-14;8.0
2020-10-15;8.0
2020-10-16;0.0
2020-10-17;8.0
2020-10-18;8.0
2020-10-19;8.0
2020-10-20;17.0
2020-10-21;25.0
2020-10-22;33.0
2020-10-23;50.0
2020-10-24;58.0
2020-10-25;67.0
2020-10-26;75.0
2020-10-27;83.0
2020-10-28;92.0
2020-10-29;92.0
2020-10-30;92.0
2020-10-31;100.0
2020-11-01;92.0
2020-11-02;92.0
2020-11-03;92.0
2020-11-04;83.0
2020-11-05;83.0
2020-11-06;75.0
2020-11-07;67.0
2020-11-08;50.0
2020-11-09;42.0
2020-11-10;25.0
2020-11-11;25.0
2020-11-12;17.0
2020-11-13;8.0
2020-11-14;8.0
2020-11-15;0.0
2020-11-16;8.0
2020-11-17;8.0
2020-11-18;17.0
2020-11-19;25.0
2020-11-20;33.0
2020-11-21;42.0
2020-11-22;50.0
2020-11-23;67.0
2020-11-24;75.0
2020-11-25;75.0
2020-11-26;83.0
2020-11-27;92.0
2020-11-28;92.0
2020-11-29;92.0
2020-11-30;100.0
2020-12-01;92.0
2020-12-02;92.0
2020-12-03;92.0
2020-12-04;83.0
2020-12-05;75.0
2020-12-06;67.0
2020-12-07;58.0
2020-12-08;50.0
2020-12-09;25.0
2020-12-10;25.0
2020-12-11;17.0
2020-12-12;8.0
2020-12-13;8.0
2020-12-14;0.0
2020-12-15;8.0
2020-12-16;8.0
2020-12-17;8.0
2020-12-18;17.0
2020-12-19;25.0
2020-12-20;33.0
2020-12-21;42.0
2020-12-22;50.0
2020-12-23;67.0
2020-12-24;75.0
2020-12-25;75.0
2020-12-26;83.0
2020-12-27;92.0
2020-12-28;92.0
2020-12-29;92.0
2020-12-30;100.0
2020-12-31;92.0
2021-01-01;92.0
2021-01-02;83.0
2021-01-03;83.0
2021-01-04;75.0
2021-01-05;67.0
2021-01-06;50.0
2021-01-07;25.0
2021-01-08;25.0
2021-01-09;17.0
2021-01-10;8.0
2021-01-11;8.0
2021-01-12;8.0
2021-01-13;0.0
2021-01-14;8.0
2021-01-15;8.0
2021-01-16;17.0
2021-01-17;17.0
2021-01-18;25.0
2021-01-19;33.0
2021-01-20;42.0
2021-01-21;50.0
2021-01-22;67.0
2021-01-23;75.0
2021-01-24;83.0
2021-01-25;83.0
2021-01-26;92.0
2021-01-27;92.0
2021-01-28;100.0
2021-01-29;92.0
2021-01-30;92.0
2021-01-31;92.0
2021-02-01;83.0
2021-02-02;75.0
2021-02-03;67.0
2021-02-04;50.0
2021-02-05;42.0
2021-02-06;25.0
2021-02-07;25.0
2021-02-08;17.0
2021-02-09;8.0
2021-02-10;8.0
2021-02-11;0.0
2021-02-12;8.0
2021-02-13;8.0
2021-02-14;8.0
2021-02-15;17.0
2021-02-16;17.0
2021-02-17;25.0
2021-02-18;33.0
2021-02-19;50.0
2021-02-20;58.0
2021-02-21;67.0
2021-02-22;75.0
2021-02-23;83.0
2021-02-24;83.0
2021-02-25;92.0
2021-02-26;92.0
2021-02-27;100.0
2021-02-28;92.0
2021-03-01;92.0
2021-03-02;83.0
2021-03-03;75.0
2021-03-04;67.0
2021-03-05;58.0
2021-03-06;50.0
2021-03-07;25.0
2021-03-08;25.0
2021-03-09;17.0
2021-03-10;8.0
2021-03-11;8.0
2021-03-12;8.0
2021-03-13;0.0
2021-03-14;8.0
2021-03-15;8.0
2021-03-16;8.0
2021-03-17;17.0
2021-03-18;25.0
2021-03-19;25.0
2021-03-20;33.0
2021-03-21;50.0
2021-03-22;58.0
2021-03-23;67.0
2021-03-24;75.0
2021-03-25;83.0
2021-03-26;92.0
2021-03-27;92.0
2021-03-28;100.0
2021-03-29;92.0
2021-03-30;92.0
2021-03-31;83.0
2021-04-01;83.0
2021-04-02;75.0
2021-04-03;67.0
2021-04-04;50.0
2021-04-05;25.0
2021-04-06;25.0
2021-04-07;25.0
2021-04-08;17.0
2021-04-09;8.0
2021-04-10;8.0
2021-04-11;8.0
2021-04-12;0.0
2021-04-13;8.0
2021-04-14;8.0
2021-04-15;8.0
2021-04-16;17.0
2021-04-17;25.0
2021-04-18;33.0
2021-04-19;42.0
2021-04-20;50.0
2021-04-21;67.0
2021-04-22;75.0
2021-04-23;83.0
2021-04-24;83.0
2021-04-25;92.0
2021-04-26;92.0
2021-04-27;100.0
2021-04-28;92.0
2021-04-29;92.0
2021-04-30;83.0
2021-05-01;75.0
2021-05-02;67.0
2021-05-03;50.0
2021-05-04;42.0
2021-05-05;25.0
2021-05-06;25.0
2021-05-07;17.0
2021-05-08;8.0
2021-05-09;8.0
2021-05-10;8.0
2021-05-11;0.0
2021-05-12;8.0
2021-05-13;8.0
2021-05-14;8.0
2021-05-15;17.0
2021-05-16;17.0
2021-05-17;25.0
2021-05-18;33.0
2021-05-19;50.0
2021-05-20;58.0
2021-05-21;67.0
2021-05-22;75.0
2021-05-23;83.0
2021-05-24;92.0
2021-05-25;92.0
2021-05-26;100.0
2021-05-27;92.0
2021-05-28;92.0
2021-05-29;83.0
2021-05-30;75.0
2021-05-31;67.0
2021-06-01;58.0
2021-06-02;50.0
2021-06-03;25.0
2021-06-04;25.0
2021-06-05;25.0
2021-06-06;17.0
2021-06-07;8.0
2021-06-08;8.0
2021-06-09;8.0
2021-06-10;0.0
2021-06-11;8.0
2021-06-12;8.0
2021-06-13;8.0
2021-06-14;17.0
2021-06-15;25.0
2021-06-16;33.0
2021-06-17;42.0
2021-06-18;50.0
2021-06-19;67.0
2021-06-20;75.0
2021-06-21;83.0
2021-06-22;92.0
2021-06-23;92.0
2021-06-24;100.0
2021-06-25;92.0
2021-06-26;92.0
2021-06-27;92.0
2021-06-28;83.0
2021-06-29;75.0
2021-06-30;67.0
2021-07-01;58.0
2021-07-02;50.0
2021-07-03;25.0
2021-07-04;25.0
2021-07-05;17.0
2021-07-06;17.0
2021-07-07;8.0
2021-07-08;8.0
2021-07-09;8.0
2021-07-10;0.0
2021-07-11;8.0
2021-07-12;8.0
2021-07-13;17.0
2021-07-14;17.0
2021-07-15;25.0
2021-07-16;33.0
2021-07-17;50.0
2021-07-18;67.0
2021-07-19;75.0
2021-07-20;83.0
2021-07-21;83.0
2021-07-22;92.0
2021-07-23;92.0
2021-07-24;100.0
2021-07-25;92.0
2021-07-26;92.0
2021-07-27;83.0
2021-07-28;75.0
2021-07-29;75.0
2021-07-30;67.0
2021-07-31;50.0
2021-08-01;42.0
2021-08-02;25.0
2021-08-03;25.0
2021-08-04;17.0
2021-08-05;8.0
2021-08-06;8.0
2021-08-07;8.0
2021-08-08;0.0
2021-08-09;8.0
2021-08-10;8.0
2021-08-11;8.0
2021-08-12;17.0
2021-08-13;25.0
2021-08-14;33.0
2021-08-15;50.0
2021-08-16;58.0
2021-08-17;67.0
2021-08-18;75.0
2021-08-19;83.0
2021-08-20;92.0
2021-08-21;92.0
2021-08-22;100.0
2021-08-23;92.0
2021-08-24;92.0
2021-08-25;92.0
2021-08-26;83.0
2021-08-27;75.0
2021-08-28;67.0
2021-08-29;58.0
2021-08-30;50.0
2021-08-31;25.0
2021-09-01;25.0
2021-09-02;25.0
2021-09-03;17.0
2021-09-04;8.0
2021-09-05;8.0
2021-09-06;8.0
2021-09-07;0.0
2021-09-08;8.0
2021-09-09;8.0
2021-09-10;17.0
2021-09-11;25.0
2021-09-12;33.0
2021-09-13;50.0
2021-09-14;58.0
2021-09-15;67.0
2021-09-16;75.0
2021-09-17;83.0
2021-09-18;92.0
2021-09-19;92.0
2021-09-20;92.0
2021-09-21;100.0
2021-09-22;92.0
2021-09-23;92.0
2021-09-24;83.0
2021-09-25;83.0
2021-09-26;75.0
2021-09-27;67.0
2021-09-28;58.0
2021-09-29;50.0
2021-09-30;25.0
2021-10-01;25.0
2021-10-02;17.0
2021-10-03;17.0
2021-10-04;8.0
2021-10-05;8.0
2021-10-06;0.0
2021-10-07;8.0
2021-10-08;8.0
2021-10-09;17.0
2021-10-10;17.0
2021-10-11;25.0
2021-10-12;42.0
2021-10-13;50.0
2021-10-14;67.0
2021-10-15;75.0
2021-10-16;83.0
2021-10-17;83.0
2021-10-18;92.0
2021-10-19;92.0
2021-10-20;100.0
2021-10-21;92.0
2021-10-22;92.0
2021-10-23;92.0
2021-10-24;83.0
2021-10-25;83.0
2021-10-26;75.0
2021-10-27;67.0
2021-10-28;50.0
2021-10-29;42.0
2021-10-30;25.0
2021-10-31;25.0
2021-11-01;17.0
2021-11-02;8.0
2021-11-03;8.0
2021-11-04;8.0
2021-11-05;0.0
2021-11-06;8.0
2021-11-07;8.0
2021-11-08;17.0
2021-11-09;25.0
2021-11-10;33.0
2021-11-11;50.0
2021-11-12;58.0
2021-11-13;67.0
2021-11-14;75.0
2021-11-15;83.0
2021-11-16;92.0
2021-11-17;92.0
2021-11-18;92.0
2021-11-19;100.0
2021-11-20;92.0
2021-11-21;92.0
2021-11-22;92.0
2021-11-23;83.0
2021-11-24;75.0
2021-11-25;75.0
2021-11-26;67.0
2021-11-27;50.0
2021-11-28;42.0
2021-11-29;25.0
2021-11-30;25.0
2021-12-01;17.0
2021-12-02;8.0
2021-12-03;8.0
2021-12-04;0.0
2021-12-05;8.0
2021-12-06;8.0
2021-12-07;17.0
2021-12-08;25.0
2021-12-09;33.0
2021-12-10;42.0
2021-12-11;50.0
2021-12-12;67.0
2021-12-13;75.0
2021-12-14;83.0
2021-12-15;83.0
2021-12-16;92.0
2021-12-17;92.0
2021-12-18;92.0
2021-12-19;100.0
2021-12-20;92.0
2021-12-21;92.0
2021-12-22;92.0
2021-12-23;83.0
2021-12-24;75.0
2021-12-25;67.0
2021-12-26;58.0
2021-12-27;50.0
2021-12-28;25.0
2021-12-29;25.0
2021-12-30;17.0
2021-12-31;8.0
2022-01-01;8.0
2022-01-02;0.0
2022-01-03;8.0
2022-01-04;8.0
2022-01-05;8.0
2022-01-06;17.0
2022-01-07;25.0
2022-01-08;33.0
2022-01-09;50.0
2022-01-10;58.0
2022-01-11;67.0
2022-01-12;75.0
2022-01-13;83.0
2022-01-14;83.0
2022-01-15;92.0
2022-01-16;92.0
2022-01-17;92.0
2022-01-18;100.0
2022-01-19;92.0
2022-01-20;92.0
2022-01-21;83.0
2022-01-22;83.0
2022-01-23;75.0
2022-01-24;67.0
2022-01-25;50.0
2022-01-26;42.0
2022-01-27;25.0
2022-01-28;17.0
2022-01-29;17.0
2022-01-30;8.0
2022-01-31;8.0
2022-02-01;0.0
2022-02-02;8.0
2022-02-03;8.0
2022-02-04;17.0
2022-02-05;17.0
2022-02-06;25.0
2022-02-07;33.0
2022-02-08;50.0
2022-02-09;58.0
2022-02-10;67.0
2022-02-11;75.0
2022-02-12;83.0
2022-02-13;83.0
2022-02-14;92.0
2022-02-15;92.0
2022-02-16;100.0
2022-02-17;92.0
2022-02-18;92.0
2022-02-19;92.0
2022-02-20;83.0
2022-02-21;75.0
2022-02-22;67.0
2022-02-23;58.0
2022-02-24;50.0
2022-02-25;25.0
2022-02-26;25.0
2022-02-27;17.0
2022-02-28;8.0
2022-03-01;8.0
2022-03-02;0.0
2022-03-03;8.0
2022-03-04;8.0
2022-03-05;8.0
2022-03-06;17.0
2022-03-07;25.0
2022-03-08;33.0
2022-03-09;33.0
2022-03-10;50.0
2022-03-11;58.0
2022-03-12;67.0
2022-03-13;75.0
2022-03-14;83.0
2022-03-15;92.0
2022-03-16;92.0
2022-03-17;92.0
2022-03-18;100.0
2022-03-19;92.0
2022-03-20;92.0
2022-03-21;83.0
2022-03-22;83.0
2022-03-23;75.0
2022-03-24;58.0
2022-03-25;50.0
2022-03-26;25.0
2022-03-27;25.0
2022-03-28;17.0
2022-03-29;8.0
2022-03-30;8.0
2022-03-31;8.0
2022-04-01;0.0
2022-04-02;8.0
2022-04-03;8.0
2022-04-04;8.0
2022-04-05;17.0
2022-04-06;25.0
2022-04-07;33.0
2022-04-08;42.0
2022-04-09;50.0
2022-04-10;58.0
2022-04-11;67.0
2022-04-12;75.0
2022-04-13;83.0
2022-04-14;92.0
2022-04-15;92.0
2022-04-16;100.0
2022-04-17;92.0
2022-04-18;92.0
2022-04-19;92.0
2022-04-20;83.0
2022-04-21;75.0
2022-04-22;67.0
2022-04-23;50.0
2022-04-24;25.0
2022-04-25;25.0
2022-04-26;17.0
2022-04-27;17.0
2022-04-28;8.0
2022-04-29;8.0
2022-04-30;0.0
2022-05-01;8.0
2022-05-02;8.0
2022-05-03;8.0
2022-05-04;17.0
2022-05-05;17.0
2022-05-06;25.0
2022-05-07;33.0
2022-05-08;42.0
2022-05-09;50.0
2022-05-10;67.0
2022-05-11;75.0
2022-05-12;83.0
2022-05-13;83.0
2022-05-14;92.0
2022-05-15;92.0
2022-05-16;100.0
2022-05-17;92.0
2022-05-18;92.0
2022-05-19;83.0
2022-05-20;75.0
2022-05-21;67.0
2022-05-22;50.0
2022-05-23;42.0
2022-05-24;25.0
2022-05-25;25.0
2022-05-26;17.0
2022-05-27;8.0
2022-05-28;8.0
2022-05-29;8.0
2022-05-30;0.0
2022-05-31;8.0
2022-06-01;8.0
2022-06-02;8.0
2022-06-03;17.0
2022-06-04;17.0
2022-06-05;25.0
2022-06-06;33.0
2022-06-07;50.0
2022-06-08;58.0
2022-06-09;67.0
2022-06-10;75.0
2022-06-11;83.0
2022-06-12;92.0
2022-06-13;92.0
2022-06-14;100.0
2022-06-15;92.0
2022-06-16;92.0
2022-06-17;83.0
2022-06-18;75.0
2022-06-19;67.0
2022-06-20;58.0
2022-06-21;50.0
2022-06-22;25.0
2022-06-23;25.0
2022-06-24;17.0
2022-06-25;17.0
2022-06-26;8.0
2022-06-27;8.0
2022-06-28;8.0
2022-06-29;0.0
2022-06-30;8.0
2022-07-01;8.0
2022-07-02;8.0
2022-07-03;17.0
2022-07-04;25.0
2022-07-05;33.0
2022-07-06;42.0
2022-07-07;50.0
2022-07-08;67.0
2022-07-09;75.0
2022-07-10;83.0
2022-07-11;92.0
2022-07-12;92.0
2022-07-13;100.0
2022-07-14;92.0
2022-07-15;92.0
2022-07-16;83.0
2022-07-17;83.0
2022-07-18;75.0
2022-07-19;67.0
2022-07-20;50.0
2022-07-21;42.0
2022-07-22;25.0
2022-07-23;25.0
2022-07-24;17.0
2022-07-25;8.0
2022-07-26;8.0
2022-07-27;8.0
2022-07-28;0.0
2022-07-29;8.0
2022-07-30;8.0
2022-07-31;8.0
2022-08-01;17.0
2022-08-02;17.0
2022-08-03;25.0
2022-08-04;33.0
2022-08-05;50.0
2022-08-06;58.0
2022-08-07;75.0
2022-08-08;83.0
2022-08-09;83.0
2022-08-10;92.0
2022-08-11;92.0
2022-08-12;100.0
2022-08-13;92.0
2022-08-14;92.0
2022-08-15;83.0
2022-08-16;75.0
2022-08-17;67.0
2022-08-18;58.0
2022-08-19;50.0
2022-08-20;25.0
2022-08-21;25.0
2022-08-22;25.0
2022-08-23;17.0
2022-08-24;8.0
2022-08-25;8.0
2022-08-26;8.0
2022-08-27;0.0
2022-08-28;8.0
2022-08-29;8.0
2022-08-30;8.0
2022-08-31;17.0
2022-09-01;25.0
2022-09-02;33.0
2022-09-03;50.0
2022-09-04;58.0
2022-09-05;67.0
2022-09-06;75.0
2022-09-07;83.0
2022-09-08;92.0
2022-09-09;92.0
2022-09-10;100.0
2022-09-11;92.0
2022-09-12;92.0
2022-09-13;83.0
2022-09-14;83.0
2022-09-15;75.0
2022-09-16;67.0
2022-09-17;58.0
2022-09-18;50.0
2022-09-19;25.0
2022-09-20;25.0
2022-09-21;17.0
2022-09-22;17.0
2022-09-23;8.0
2022-09-24;8.0
2022-09-25;8.0
2022-09-26;0.0
2022-09-27;8.0
2022-09-28;8.0
2022-09-29;17.0
2022-09-30;25.0
2022-10-01;33.0
2022-10-02;42.0
2022-10-03;50.0
2022-10-04;67.0
2022-10-05;75.0
2022-10-06;83.0
2022-10-07;92.0
2022-10-08;92.0
2022-10-09;100.0
2022-10-10;92.0
2022-10-11;92.0
2022-10-12;92.0
2022-10-13;83.0
2022-10-14;75.0
2022-10-15;75.0
2022-10-16;67.0
2022-10-17;50.0
2022-10-18;42.0
2022-10-19;25.0
2022-10-20;25.0
2022-10-21;17.0
2022-10-22;17.0
2022-10-23;8.0
2022-10-24;8.0
2022-10-25;0.0
2022-10-26;8.0
2022-10-27;8.0
2022-10-28;17.0
2022-10-29;17.0
2022-10-30;25.0
2022-10-31;33.0
2022-11-01;50.0
2022-11-02;67.0
2022-11-03;75.0
2022-11-04;83.0
2022-11-05;83.0
2022-11-06;92.0
2022-11-07;92.0
2022-11-08;100.0
2022-11-09;92.0
2022-11-10;92.0
2022-11-11;92.0
2022-11-12;83.0
2022-11-13;75.0
2022-11-14;67.0
2022-11-15;67.0
2022-11-16;50.0
2022-11-17;42.0
2022-11-18;25.0
2022-11-19;25.0
2022-11-20;17.0
2022-11-21;8.0
2022-11-22;8.0
2022-11-23;8.0
2022-11-24;0.0
2022-11-25;8.0
2022-11-26;8.0
2022-11-27;17.0
2022-11-28;25.0
2022-11-29;33.0
2022-11-30;50.0
2022-12-01;58.0
2022-12-02;67.0
2022-12-03;75.0
2022-12-04;83.0
2022-12-05;92.0
2022-12-06;92.0
2022-12-07;92.0
2022-12-08;100.0
2022-12-09;92.0
2022-12-10;92.0
2022-12-11;92.0
2022-12-12;83.0
2022-12-13;75.0
2022-12-14;67.0
2022-12-15;58.0
2022-12-16;50.0
2022-12-17;25.0
2022-12-18;25.0
2022-12-19;25.0
2022-12-20;17.0
2022-12-21;8.0
2022-12-22;8.0
2022-12-23;0.0
2022-12-24;8.0
2022-12-25;8.0
2022-12-26;17.0
2022-12-27;25.0
2022-12-28;33.0
2022-12-29;42.0
2022-12-30;50.0
2022-12-31;67.0
2023-01-01;75.0
2023-01-02;83.0
2023-01-03;83.0
2023-01-04;92.0
2023-01-05;92.0
2023-01-06;92.0
2023-01-07;100.0
2023-01-08;92.0
2023-01-09;92.0
2023-01-10;83.0
2023-01-11;83.0
2023-01-12;75.0
2023-01-13;67.0
2023-01-14;58.0
2023-01-15;50.0
2023-01-16;25.0
2023-01-17;25.0
2023-01-18;17.0
2023-01-19;8.0
2023-01-20;8.0
2023-01-21;0.0
2023-01-22;8.0
2023-01-23;8.0
2023-01-24;8.0
2023-01-25;17.0
2023-01-26;25.0
2023-01-27;33.0
2023-01-28;50.0
2023-01-29;58.0
2023-01-30;67.0
2023-01-31;75.0
2023-02-01;83.0
2023-02-02;83.0
2023-02-03;92.0
2023-02-04;92.0
2023-02-05;100.0
2023-02-06;92.0
2023-02-07;92.0
2023-02-08;92.0
2023-02-09;83.0
2023-02-10;83.0
2023-02-11;75.0
2023-02-12;67.0
2023-02-13;50.0
2023-02-14;42.0
2023-02-15;25.0
2023-02-16;25.0
2023-02-17;17.0
2023-02-18;8.0
2023-02-19;8.0
2023-02-20;0.0
2023-02-21;8.0
2023-02-22;8.0
2023-02-23;17.0
2023-02-24;25.0
2023-02-25;33.0
2023-02-26;42.0
2023-02-27;50.0
2023-02-28;58.0
2023-03-01;67.0
2023-03-02;75.0
2023-03-03;83.0
2023-03-04;92.0
2023-03-05;92.0
2023-03-06;92.0
2023-03-07;100.0
2023-03-08;92.0
2023-03-09;92.0
2023-03-10;92.0
2023-03-11;83.0
2023-03-12;75.0
2023-03-13;67.0
2023-03-14;58.0
2023-03-15;50.0
2023-03-16;25.0
2023-03-17;25.0
2023-03-18;17.0
2023-03-19;8.0
2023-03-20;8.0
2023-03-21;0.0
2023-03-22;8.0
2023-03-23;8.0
2023-03-24;8.0
2023-03-25;17.0
2023-03-26;25.0
2023-03-27;33.0
2023-03-28;42.0
2023-03-29;50.0
2023-03-30;67.0
2023-03-31;75.0
2023-04-01;75.0
2023-04-02;83.0
2023-04-03;92.0
2023-04-04;92.0
2023-04-05;92.0
2023-04-06;100.0
2023-04-07;92.0
2023-04-08;92.0
2023-04-09;83.0
2023-04-10;83.0
2023-04-11;75.0
2023-04-12;67.0
2023-04-13;50.0
2023-04-14;25.0
2023-04-15;25.0
2023-04-16;17.0
2023-04-17;8.0
2023-04-18;8.0
2023-04-19;8.0
2023-04-20;0.0
2023-04-21;8.0
2023-04-22;8.0
2023-04-23;17.0
2023-04-24;17.0
2023-04-25;25.0
2023-04-26;33.0
2023-04-27;42.0
2023-04-28;50.0
2023-04-29;67.0
2023-04-30;75.0
2023-05-01;83.0
2023-05-02;83.0
2023-05-03;92.0
2023-05-04;92.0
2023-05-05;100.0
2023-05-06;92.0
2023-05-07;92.0
2023-05-08;92.0
2023-05-09;83.0
2023-05-10;75.0
2023-05-11;67.0
2023-05-12;50.0
2023-05-13;42.0
2023-05-14;25.0
2023-05-15;25.0
2023-05-16;17.0
2023-05-17;8.0
2023-05-18;8.0
2023-05-19;0.0
2023-05-20;8.0
2023-05-21;8.0
2023-05-22;8.0
2023-05-23;17.0
2023-05-24;25.0
2023-05-25;25.0
2023-05-26;33.0
2023-05-27;50.0
2023-05-28;58.0
2023-05-29;67.0
2023-05-30;75.0
2023-05-31;83.0
2023-06-01;92.0
2023-06-02;92.0
2023-06-03;92.0
2023-06-04;100.0
2023-06-05;92.0
2023-06-06;92.0
2023-06-07;83.0
2023-06-08;75.0
2023-06-09;67.0
2023-06-10;50.0
2023-06-11;42.0
2023-06-12;25.0
2023-06-13;25.0
2023-06-14;17.0
2023-06-15;8.0
2023-06-16;8.0
2023-06-17;8.0
2023-06-18;0.0
2023-06-19;8.0
2023-06-20;8.0
2023-06-21;8.0
2023-06-22;17.0
2023-06-23;25.0
2023-06-24;33.0
2023-06-25;42.0
2023-06-26;50.0
2023-06-27;58.0
2023-06-28;67.0
2023-06-29;75.0
2023-06-30;83.0
2023-07-01;92.0
2023-07-02;92.0
2023-07-03;100.0
2023-07-04;92.0
2023-07-05;92.0
2023-07-06;83.0
2023-07-07;75.0
2023-07-08;67.0
2023-07-09;58.0
2023-07-10;50.0
2023-07-11;25.0
2023-07-12;25.0
2023-07-13;17.0
2023-07-14;17.0
2023-07-15;8.0
2023-07-16;8.0
2023-07-17;0.0
2023-07-18;8.0
2023-07-19;8.0
2023-07-20;8.0
2023-07-21;17.0
2023-07-22;17.0
2023-07-23;25.0
2023-07-24;33.0
2023-07-25;42.0
2023-07-26;50.0
2023-07-27;67.0
2023-07-28;75.0
2023-07-29;83.0
2023-07-30;92.0
2023-07-31;92.0
2023-08-01;100.0
2023-08-02;92.0
2023-08-03;92.0
2023-08-04;83.0
2023-08-05;83.0
2023-08-06;75.0
2023-08-07;67.0
2023-08-08;50.0
2023-08-09;25.0
2023-08-10;25.0
2023-08-11;25.0
2023-08-12;17.0
2023-08-13;8.0
2023-08-14;8.0
2023-08-15;8.0
2023-08-16;0.0
2023-08-17;8.0
2023-08-18;8.0
2023-08-19;8.0
2023-08-20;17.0
2023-08-21;25.0
2023-08-22;25.0
2023-08-23;33.0
2023-08-24;50.0
2023-08-25;58.0
2023-08-26;75.0
2023-08-27;83.0
2023-08-28;83.0
2023-08-29;92.0
2023-08-30;92.0
2023-08-31;100.0
2023-09-01;92.0
2023-09-02;92.0
2023-09-03;83.0
2023-09-04;75.0
2023-09-05;67.0
2023-09-06;58.0
2023-09-07;50.0
2023-09-08;25.0
2023-09-09;25.0
2023-09-10;17.0
2023-09-11;17.0
2023-09-12;8.0
2023-09-13;8.0
2023-09-14;8.0
2023-09-15;0.0
2023-09-16;8.0
2023-09-17;8.0
2023-09-18;8.0
2023-09-19;17.0
2023-09-20;25.0
2023-09-21;33.0
2023-09-22;50.0
2023-09-23;58.0
2023-09-24;67.0
2023-09-25;75.0
2023-09-26;83.0
2023-09-27;92.0
2023-09-28;92.0
2023-09-29;100.0
2023-09-30;92.0
2023-10-01;92.0
2023-10-02;83.0
2023-10-03;83.0
2023-10-04;75.0
2023-10-05;67.0
2023-10-06;50.0
2023-10-07;42.0
2023-10-08;25.0
2023-10-09;25.0
2023-10-10;17.0
2023-10-11;8.0
2023-10-12;8.0
2023-10-13;8.0
2023-10-14;0.0
2023-10-15;8.0
2023-10-16;8.0
2023-10-17;8.0
2023-10-18;17.0
2023-10-19;25.0
2023-10-20;33.0
2023-10-21;42.0
2023-10-22;50.0
2023-10-23;67.0
2023-10-24;75.0
2023-10-25;83.0
2023-10-26;92.0
2023-10-27;92.0
2023-10-28;100.0
2023-10-29;92.0
2023-10-30;92.0
2023-10-31;92.0
2023-11-01;83.0
2023-11-02;75.0
2023-11-03;67.0
2023-11-04;58.0
2023-11-05;50.0
2023-11-06;42.0
2023-11-07;25.0
2023-11-08;25.0
2023-11-09;17.0
2023-11-10;8.0
2023-11-11;8.0
2023-11-12;8.0
2023-11-13;0.0
2023-11-14;8.0
2023-11-15;8.0
2023-11-16;8.0
2023-11-17;17.0
2023-11-18;25.0
2023-11-19;33.0
2023-11-20;50.0
2023-11-21;67.0
2023-11-22;75.0
2023-11-23;83.0
2023-11-24;83.0
2023-11-25;92.0
2023-11-26;92.0
2023-11-27;100.0
2023-11-28;92.0
2023-11-29;92.0
2023-11-30;83.0
2023-12-01;83.0
2023-12-02;75.0
2023-12-03;67.0
2023-12-04;58.0
2023-12-05;50.0
2023-12-06;25.0
2023-12-07;25.0
2023-12-08;25.0
2023-12-09;17.0
2023-12-10;8.0
2023-12-11;8.0
2023-12-12;8.0
2023-12-13;0.0
2023-12-14;8.0
2023-12-15;8.0
2023-12-16;17.0
2023-12-17;25.0
2023-12-18;33.0
2023-12-19;50.0
2023-12-20;58.0
2023-12-21;67.0
2023-12-22;75.0
2023-12-23;83.0
2023-12-24;92.0
2023-12-25;92.0
2023-12-26;92.0
2023-12-27;100.0
2023-12-28;92.0
2023-12-29;92.0
2023-12-30;83.0
2023-12-31;83.0
2024-01-01;75.0
2024-01-02;67.0
2024-01-03;58.0
2024-01-04;50.0
2024-01-05;25.0
2024-01-06;25.0
2024-01-07;17.0
2024-01-08;17.0
2024-01-09;8.0
2024-01-10;8.0
2024-01-11;0.0
2024-01-12;8.0
2024-01-13;8.0
2024-01-14;17.0
2024-01-15;17.0
2024-01-16;25.0
2024-01-17;42.0
2024-01-18;50.0
2024-01-19;67.0
2024-01-20;75.0
2024-01-21;83.0
2024-01-22;83.0
2024-01-23;92.0
2024-01-24;92.0
2024-01-25;100.0
2024-01-26;92.0
2024-01-27;92.0
2024-01-28;92.0
2024-01-29;83.0
2024-01-30;83.0
2024-01-31;75.0
2024-02-01;67.0
2024-02-02;58.0
2024-02-03;50.0
2024-02-04;25.0
2024-02-05;25.0
2024-02-06;17.0
2024-02-07;8.0
2024-02-08;8.0
2024-02-09;8.0
2024-02-10;0.0
2024-02-11;8.0
2024-02-12;8.0
2024-02-13;17.0
2024-02-14;25.0
2024-02-15;33.0
2024-02-16;50.0
2024-02-17;58.0
2024-02-18;67.0
2024-02-19;75.0
2024-02-20;83.0
2024-02-21;92.0
2024-02-22;92.0
2024-02-23;92.0
2024-02-24;100.0
2024-02-25;92.0
2024-02-26;92.0
2024-02-27;92.0
2024-02-28;83.0
2024-02-29;75.0
2024-03-01;75.0
2024-03-02;67.0
2024-03-03;50.0
2024-03-04;42.0
2024-03-05;25.0
2024-03-06;25.0
2024-03-07;17.0
2024-03-08;8.0
2024-03-09;8.0
2024-03-10;0.0
2024-03-11;8.0
2024-03-12;8.0
2024-03-13;17.0
2024-03-14;25.0
2024-03-15;33.0
2024-03-16;42.0
2024-03-17;50.0
2024-03-18;67.0
2024-03-19;75.0
2024-03-20;75.0
2024-03-21;83.0
2024-03-22;92.0
2024-03-23;92.0
2024-03-24;92.0
2024-03-25;100.0
2024-03-26;92.0
2024-03-27;92.0
2024-03-28;92.0
2024-03-29;83.0
2024-03-30;75.0
2024-03-31;67.0
2024-04-01;58.0
2024-04-02;50.0
2024-04-03;25.0
2024-04-04;25.0
2024-04-05;17.0
2024-04-06;8.0
2024-04-07;8.0
2024-04-08;0.0
2024-04-09;8.0
2024-04-10;8.0
2024-04-11;8.0
2024-04-12;17.0
2024-04-13;25.0
2024-04-14;33.0
2024-04-15;50.0
2024-04-16;58.0
2024-04-17;67.0
2024-04-18;75.0
2024-04-19;83.0
2024-04-20;83.0
2024-04-21;92.0
2024-04-22;92.0
2024-04-23;92.0
2024-04-24;100.0
2024-04-25;92.0
2024-04-26;92.0
2024-04-27;83.0
2024-04-28;83.0
2024-04-29;75.0
2024-04-30;67.0
2024-05-01;50.0
2024-05-02;25.0
2024-05-03;25.0
2024-05-04;17.0
2024-05-05;17.0
2024-05-06;8.0
2024-05-07;8.0
2024-05-08;0.0
2024-05-09;8.0
2024-05-10;8.0
2024-05-11;17.0
2024-05-12;25.0
2024-05-13;25.0
2024-05-14;33.0
2024-05-15;50.0
2024-05-16;58.0
2024-05-17;67.0
2024-05-18;75.0
2024-05-19;83.0
2024-05-20;83.0
2024-05-21;92.0
2024-05-22;92.0
2024-05-23;100.0
2024-05-24;92.0
2024-05-25;92.0
2024-05-26;92.0
2024-05-27;83.0
2024-05-28;75.0
2024-05-29;67.0
2024-05-30;50.0
2024-05-31;42.0
2024-06-01;25.0
2024-06-02;25.0
2024-06-03;17.0
2024-06-04;8.0
2024-06-05;8.0
2024-06-06;0.0
2024-06-07;8.0
2024-06-08;8.0
2024-06-09;8.0
2024-06-10;17.0
2024-06-11;25.0
2024-06-12;33.0
2024-06-13;42.0
2024-06-14;50.0
2024-06-15;67.0
2024-06-16;67.0
2024-06-17;75.0
2024-06-18;83.0
2024-06-19;92.0
2024-06-20;92.0
2024-06-21;92.0
2024-06-22;100.0
2024-06-23;92.0
2024-06-24;92.0
2024-06-25;83.0
2024-06-26;75.0
2024-06-27;67.0
2024-06-28;58.0
2024-06-29;50.0
2024-06-30;25.0
2024-07-01;25.0
2024-07-02;17.0
2024-07-03;8.0
2024-07-04;8.0
2024-07-05;8.0
2024-07-06;0.0
2024-07-07;8.0
2024-07-08;8.0
2024-07-09;17.0
2024-07-10;17.0
2024-07-11;25.0
2024-07-12;33.0
2024-07-13;42.0
2024-07-14;50.0
2024-07-15;67.0
2024-07-16;75.0
2024-07-17;83.0
2024-07-18;83.0
2024-07-19;92.0
2024-07-20;92.0
2024-07-21;100.0
2024-07-22;92.0
2024-07-23;92.0
2024-07-24;83.0
2024-07-25;75.0
2024-07-26;67.0
2024-07-27;58.0
2024-07-28;50.0
2024-07-29;25.0
2024-07-30;25.0
2024-07-31;17.0
2024-08-01;8.0
2024-08-02;8.0
2024-08-03;8.0
2024-08-04;0.0
2024-08-05;8.0
2024-08-06;8.0
2024-08-07;8.0
2024-08-08;17.0
2024-08-09;25.0
2024-08-10;25.0
2024-08-11;33.0
2024-08-12;50.0
2024-08-13;58.0
2024-08-14;67.0
2024-08-15;75.0
2024-08-16;83.0
2024-08-17;92.0
2024-08-18;92.0
2024-08-19;100.0
2024-08-20;92.0
2024-08-21;92.0
2024-08-22;83.0
2024-08-23;83.0
2024-08-24;75.0
2024-08-25;67.0
2024-08-26;50.0
2024-08-27;25.0
2024-08-28;25.0
2024-08-29;17.0
2024-08-30;17.0
2024-08-31;8.0
2024-09-01;8.0
2024-09-02;8.0
2024-09-03;0.0
2024-09-04;8.0
2024-09-05;8.0
2024-09-06;8.0
2024-09-07;17.0
2024-09-08;25.0
2024-09-09;33.0
2024-09-10;42.0
2024-09-11;50.0
2024-09-12;67.0
2024-09-13;75.0
2024-09-14;83.0
2024-09-15;83.0
2024-09-16;92.0
2024-09-17;92.0
2024-09-18;100.0
2024-09-19;92.0
2024-09-20;92.0
2024-09-21;83.0
2024-09-22;75.0
2024-09-23;67.0
2024-09-24;50.0
2024-09-25;42.0
2024-09-26;25.0
2024-09-27;25.0
2024-09-28;17.0
2024-09-29;8.0
2024-09-30;8.0
2024-10-01;8.0
2024-10-02;0.0
2024-10-03;8.0
2024-10-04;8.0
2024-10-05;8.0
2024-10-06;17.0
2024-10-07;17.0
2024-10-08;25.0
2024-10-09;33.0
2024-10-10;50.0
2024-10-11;58.0
2024-10-12;67.0
2024-10-13;75.0
2024-10-14;83.0
2024-10-15;92.0
2024-10-16;92.0
2024-10-17;100.0
2024-10-18;92.0
2024-10-19;92.0
2024-10-20;83.0
2024-10-21;75.0
2024-10-22;67.0
2024-10-23;58.0
2024-10-24;50.0
2024-10-25;25.0
2024-10-26;25.0
2024-10-27;25.0
2024-10-28;17.0
2024-10-29;8.0
2024-10-30;8.0
2024-10-31;8.0
2024-11-01;0.0
2024-11-02;8.0
2024-11-03;8.0
2024-11-04;8.0
2024-11-05;17.0
2024-11-06;25.0
2024-11-07;25.0
2024-11-08;42.0
2024-11-09;50.0
2024-11-10;67.0
2024-11-11;75.0
2024-11-12;83.0
2024-11-13;92.0
2024-11-14;92.0
2024-11-15;92.0
2024-11-16;100.0
2024-11-17;92.0
2024-11-18;92.0
2024-11-19;83.0
2024-11-20;75.0
2024-11-21;67.0
2024-11-22;58.0
2024-11-23;50.0
2024-11-24;25.0
2024-11-25;25.0
2024-11-26;25.0
2024-11-27;17.0
2024-11-28;8.0
2024-11-29;8.0
2024-11-30;8.0
2024-12-01;0.0
2024-12-02;8.0
2024-12-03;8.0
2024-12-04;8.0
2024-12-05;17.0
2024-12-06;25.0
2024-12-07;33.0
2024-12-08;50.0
2024-12-09;58.0
2024-12-10;67.0
2024-12-11;75.0
2024-12-12;83.0
2024-12-13;92.0
2024-12-14;92.0
2024-12-15;100.0
2024-12-16;92.0
2024-12-17;92.0
2024-12-18;83.0
2024-12-19;83.0
2024-12-20;75.0
2024-12-21;67.0
2024-12-22;58.0
2024-12-23;50.0
2024-12-24;25.0
2024-12-25;25.0
2024-12-26;17.0
2024-12-27;17.0
2024-12-28;8.0
2024-12-29;8.0
2024-12-30;8.0
2024-12-31;0.0
2025-01-01;8.0
2025-01-02;8.0
2025-01-03;17.0
2025-01-04;25.0
2025-01-05;33.0
2025-01-06;42.0
2025-01-07;50.0
2025-01-08;67.0
2025-01-09;75.0
2025-01-10;83.0
2025-01-11;92.0
2025-01-12;92.0
2025-01-13;92.0
2025-01-14;100.0
2025-01-15;92.0
2025-01-16;92.0
2025-01-17;83.0
2025-01-18;83.0
2025-01-19;75.0
2025-01-20;67.0
2025-01-21;50.0
2025-01-22;42.0
2025-01-23;25.0
2025-01-24;25.0
2025-01-25;17.0
2025-01-26;17.0
2025-01-27;8.0
2025-01-28;8.0
2025-01-29;0.0
2025-01-30;8.0
2025-01-31;8.0
2025-02-01;8.0
2025-02-02;17.0
2025-02-03;25.0
2025-02-04;33.0
2025-02-05;50.0
2025-02-06;67.0
2025-02-07;75.0
2025-02-08;83.0
2025-02-09;83.0
2025-02-10;92.0
2025-02-11;92.0
2025-02-12;100.0
2025-02-13;92.0
2025-02-14;92.0
2025-02-15;92.0
2025-02-16;83.0
2025-02-17;75.0
2025-02-18;75.0
2025-02-19;67.0
2025-02-20;50.0
2025-02-21;42.0
2025-02-22;25.0
2025-02-23;25.0
2025-02-24;17.0
2025-02-25;8.0
2025-02-26;8.0
2025-02-27;8.0
2025-02-28;0.0
2025-03-01;8.0
2025-03-02;8.0
2025-03-03;17.0
2025-03-04;25.0
2025-03-05;33.0
2025-03-06;50.0
2025-03-07;58.0
2025-03-08;67.0
2025-03-09;75.0
2025-03-10;83.0
2025-03-11;92.0
2025-03-12;92.0
2025-03-13;92.0
2025-03-14;100.0
2025-03-15;92.0
2025-03-16;92.0
2025-03-17;92.0
2025-03-18;83.0
2025-03-19;75.0
2025-03-20;67.0
2025-03-21;67.0
2025-03-22;50.0
2025-03-23;42.0
2025-03-24;25.0
2025-03-25;25.0
2025-03-26;17.0
2025-03-27;8.0
2025-03-28;8.0
2025-03-29;0.0
2025-03-30;8.0
2025-03-31;8.0
2025-04-01;17.0
2025-04-02;25.0
2025-04-03;33.0
2025-04-04;42.0
2025-04-05;50.0
2025-04-06;67.0
2025-04-07;75.0
2025-04-08;83.0
2025-04-09;83.0
2025-04-10;92.0
2025-04-11;92.0
2025-04-12;92.0
2025-04-13;100.0
2025-04-14;92.0
2025-04-15;92.0
2025-04-16;83.0
2025-04-17;83.0
2025-04-18;75.0
2025-04-19;67.0
2025-04-20;58.0
2025-04-21;50.0
2025-04-22;25.0
2025-04-23;25.0
2025-04-24;17.0
2025-04-25;8.0
2025-04-26;8.0
2025-04-27;0.0
2025-04-28;8.0
2025-04-29;8.0
2025-04-30;8.0
2025-05-01;17.0
2025-05-02;25.0
2025-05-03;33.0
2025-05-04;50.0
2025-05-05;58.0
2025-05-06;67.0
2025-05-07;75.0
2025-05-08;83.0
2025-05-09;83.0
2025-05-10;92.0
2025-05-11;92.0
2025-05-12;100.0
2025-05-13;92.0
2025-05-14;92.0
2025-05-15;92.0
2025-05-16;83.0
2025-05-17;83.0
2025-05-18;75.0
2025-05-19;67.0
2025-05-20;50.0
2025-05-21;42.0
2025-05-22;25.0
2025-05-23;17.0
2025-05-24;17.0
2025-05-25;8.0
2025-05-26;8.0
2025-05-27;0.0
2025-05-28;8.0
2025-05-29;8.0
2025-05-30;17.0
2025-05-31;25.0
2025-06-01;33.0
2025-06-02;42.0
2025-06-03;50.0
2025-06-04;67.0
2025-06-05;75.0
2025-06-06;75.0
2025-06-07;83.0
2025-06-08;92.0
2025-06-09;92.0
2025-06-10;92.0
2025-06-11;100.0
2025-06-12;92.0
2025-06-13;92.0
2025-06-14;92.0
2025-06-15;83.0
2025-06-16;75.0
2025-06-17;67.0
2025-06-18;50.0
2025-06-19;42.0
2025-06-20;25.0
2025-06-21;25.0
2025-06-22;17.0
2025-06-23;8.0
2025-06-24;8.0
2025-06-25;0.0
2025-06-26;8.0
2025-06-27;8.0
2025-06-28;17.0
2025-06-29;17.0
2025-06-30;25.0
2025-07-01;33.0
2025-07-02;50.0
2025-07-03;58.0
2025-07-04;67.0
2025-07-05;75.0
2025-07-06;83.0
2025-07-07;83.0
2025-07-08;92.0
2025-07-09;92.0
2025-07-10;100.0
2025-07-11;92.0
2025-07-12;92.0
2025-07-13;92.0
2025-07-14;83.0
2025-07-15;75.0
2025-07-16;67.0
2025-07-17;58.0
2025-07-18;50.0
2025-07-19;25.0
2025-07-20;25.0
2025-07-21;17.0
2025-07-22;8.0
2025-07-23;8.0
2025-07-24;0.0
2025-07-25;8.0
2025-07-26;8.0
2025-07-27;8.0
2025-07-28;17.0
2025-07-29;25.0
2025-07-30;25.0
2025-07-31;33.0
2025-08-01;50.0
2025-08-02;58.0
2025-08-03;67.0
2025-08-04;75.0
2025-08-05;83.0
2025-08-06;92.0
2025-08-07;92.0
2025-08-08;92.0
2025-08-09;100.0
2025-08-10;92.0
2025-08-11;92.0
2025-08-12;83.0
2025-08-13;83.0
2025-08-14;75.0
2025-08-15;58.0
2025-08-16;50.0
2025-08-17;25.0
2025-08-18;25.0
2025-08-19;17.0
2025-08-20;8.0
2025-08-21;8.0
2025-08-22;8.0
2025-08-23;0.0
2025-08-24;8.0
2025-08-25;8.0
2025-08-26;8.0
2025-08-27;17.0
2025-08-28;25.0
2025-08-29;33.0
2025-08-30;42.0
2025-08-31;50.0
2025-09-01;67.0
2025-09-02;67.0
2025-09-03;75.0
2025-09-04;83.0
2025-09-05;92.0
2025-09-06;92.0
2025-09-07;100.0
2025-09-08;92.0
2025-09-09;92.0
2025-09-10;92.0
2025-09-11;83.0
2025-09-12;75.0
2025-09-13;67.0
2025-09-14;50.0
2025-09-15;25.0
2025-09-16;25.0
2025-09-17;17.0
2025-09-18;17.0
2025-09-19;8.0
2025-09-20;8.0
2025-09-21;0.0
2025-09-22;8.0
2025-09-23;8.0
2025-09-24;8.0
2025-09-25;17.0
2025-09-26;17.0
2025-09-27;25.0
2025-09-28;33.0
2025-09-29;42.0
2025-09-30;50.0
2025-10-01;67.0
2025-10-02;75.0
2025-10-03;83.0
2025-10-04;83.0
2025-10-05;92.0
2025-10-06;92.0
2025-10-07;100.0
2025-10-08;92.0
2025-10-09;92.0
2025-10-10;83.0
2025-10-11;75.0
2025-10-12;67.0
2025-10-13;50.0
2025-10-14;42.0
2025-10-15;25.0
2025-10-16;25.0
2025-10-17;17.0
2025-10-18;8.0
2025-10-19;8.0
2025-10-20;8.0
2025-10-21;0.0
2025-10-22;8.0
2025-10-23;8.0
2025-10-24;8.0
2025-10-25;17.0
2025-10-26;17.0
2025-10-27;25.0
2025-10-28;33.0
2025-10-29;50.0
2025-10-30;58.0
2025-10-31;67.0
2025-11-01;75.0
2025-11-02;83.0
2025-11-03;92.0
2025-11-04;92.0
2025-11-05;100.0
2025-11-06;92.0
2025-11-07;92.0
2025-11-08;83.0
2025-11-09;75.0
2025-11-10;67.0
2025-11-11;58.0
2025-11-12;50.0
2025-11-13;25.0
2025-11-14;25.0
2025-11-15;17.0
2025-11-16;17.0
2025-11-17;8.0
2025-11-18;8.0
2025-11-19;8.0
2025-11-20;0.0
2025-11-21;8.0
2025-11-22;8.0
2025-11-23;8.0
2025-11-24;17.0
2025-11-25;25.0
2025-11-26;33.0
2025-11-27;42.0
2025-11-28;50.0
2025-11-29;67.0
2025-11-30;75.0
2025-12-01;83.0
2025-12-02;83.0
2025-12-03;92.0
2025-12-04;92.0
2025-12-05;100.0
2025-12-06;92.0
2025-12-07;92.0
2025-12-08;83.0
2025-12-09;75.0
2025-12-10;67.0
2025-12-11;50.0
2025-12-12;42.0
2025-12-13;25.0
2025-12-14;25.0
2025-12-15;17.0
2025-12-16;17.0
2025-12-17;8.0
2025-12-18;8.0
2025-12-19;8.0
2025-12-20;0.0
2025-12-21;8.0
2025-12-22;8.0
2025-12-23;8.0
2025-12-24;17.0
2025-12-25;25.0
2025-12-26;33.0
2025-12-27;50.0
2025-12-28;58.0
2025-12-29;67.0
2025-12-30;75.0
2025-12-31;83.0
2026-01-01;92.0
2026-01-02;92.0
2026-01-03;100.0
2026-01-04;92.0
2026-01-05;92.0
2026-01-06;83.0
2026-01-07;83.0
2026-01-08;75.0
2026-01-09;67.0
2026-01-10;50.0
2026-01-11;42.0
2026-01-12;25.0
2026-01-13;25.0
2026-01-14;17.0
2026-01-15;17.0
2026-01-16;8.0
2026-01-17;8.0
2026-01-18;0.0
2026-01-19;8.0
2026-01-20;8.0
2026-01-21;8.0
2026-01-22;17.0
2026-01-23;25.0
2026-01-24;25.0
2026-01-25;42.0
2026-01-26;50.0
2026-01-27;67.0
2026-01-28;75.0
2026-01-29;83.0
2026-01-30;92.0
2026-01-31;92.0
2026-02-01;92.0
2026-02-02;100.0
2026-02-03;92.0
2026-02-04;92.0
2026-02-05;83.0
2026-02-06;75.0
2026-02-07;67.0
2026-02-08;67.0
2026-02-09;50.0
2026-02-10;42.0
2026-02-11;25.0
2026-02-12;25.0
2026-02-13;17.0
2026-02-14;8.0
2026-02-15;8.0
2026-02-16;8.0
2026-02-17;0.0
2026-02-18;8.0
2026-02-19;8.0
2026-02-20;8.0
2026-02-21;17.0
2026-02-22;25.0
2026-02-23;33.0
2026-02-24;50.0
2026-02-25;58.0
2026-02-26;75.0
2026-02-27;83.0
2026-02-28;83.0
2026-03-01;92.0
2026-03-02;92.0
2026-03-03;100.0
2026-03-04;92.0
2026-03-05;92.0
2026-03-06;92.0
2026-03-07;83.0
2026-03-08;75.0
2026-03-09;67.0
2026-03-10;58.0
2026-03-11;50.0
2026-03-12;42.0
2026-03-13;25.0
2026-03-14;25.0
2026-03-15;17.0
2026-03-16;8.0
2026-03-17;8.0
2026-03-18;8.0
2026-03-19;0.0
2026-03-20;8.0
2026-03-21;8.0
2026-03-22;17.0
2026-03-23;25.0
2026-03-24;33.0
2026-03-25;50.0
2026-03-26;58.0
2026-03-27;67.0
2026-03-28;75.0
2026-03-29;83.0
2026-03-30;92.0
2026-03-31;92.0
2026-04-01;92.0
2026-04-02;100.0
2026-04-03;92.0
2026-04-04;92.0
2026-04-05;83.0
2026-04-06;83.0
2026-04-07;75.0
2026-04-08;67.0
2026-04-09;58.0
2026-04-10;50.0
2026-04-11;25.0
2026-04-12;25.0
2026-04-13;17.0
2026-04-14;17.0
2026-04-15;8.0
2026-04-16;8.0
2026-04-17;0.0
2026-04-18;8.0
2026-04-19;8.0
2026-04-20;17.0
2026-04-21;17.0
2026-04-22;33.0
2026-04-23;42.0
2026-04-24;50.0
2026-04-25;67.0
2026-04-26;75.0
2026-04-27;83.0
2026-04-28;83.0
2026-04-29;92.0
2026-04-30;92.0
2026-05-01;100.0
2026-05-02;92.0
2026-05-03;92.0
2026-05-04;92.0
2026-05-05;83.0
2026-05-06;83.0
2026-05-07;75.0
2026-05-08;67.0
2026-05-09;58.0
2026-05-10;50.0
2026-05-11;25.0
2026-05-12;25.0
2026-05-13;17.0
2026-05-14;8.0
2026-05-15;8.0
2026-05-16;0.0
2026-05-17;8.0
2026-05-18;8.0
2026-05-19;8.0
2026-05-20;17.0
2026-05-21;25.0
2026-05-22;33.0
2026-05-23;50.0
2026-05-24;58.0
2026-05-25;67.0
2026-05-26;75.0
2026-05-27;83.0
2026-05-28;92.0
2026-05-29;92.0
2026-05-30;92.0
2026-05-31;100.0
2026-06-01;92.0
2026-06-02;92.0
2026-06-03;92.0
2026-06-04;83.0
2026-06-05;75.0
2026-06-06;67.0
2026-06-07;67.0
2026-06-08;50.0
2026-06-09;25.0
2026-06-10;25.0
2026-06-11;17.0
2026-06-12;17.0
2026-06-13;8.0
2026-06-14;8.0
2026-06-15;0.0
2026-06-16;8.0
2026-06-17;8.0
2026-06-18;17.0
2026-06-19;25.0
2026-06-20;33.0
2026-06-21;42.0
2026-06-22;50.0
2026-06-23;67.0
2026-06-24;75.0
2026-06-25;83.0
2026-06-26;83.0
2026-06-27;92.0
2026-06-28;92.0
2026-06-29;92.0
2026-06-30;100.0
2026-07-01;92.0
2026-07-02;92.0
2026-07-03;83.0
2026-07-04;83.0
2026-07-05;75.0
2026-07-06;67.0
2026-07-07;50.0
2026-07-08;42.0
2026-07-09;25.0
2026-07-10;25.0
2026-07-11;17.0
2026-07-12;8.0
2026-07-13;8.0
2026-07-14;0.0
2026-07-15;8.0
2026-07-16;8.0
2026-07-17;17.0
2026-07-18;17.0
2026-07-19;25.0
2026-07-20;33.0
2026-07-21;50.0
2026-07-22;58.0
2026-07-23;67.0
2026-07-24;75.0
2026-07-25;83.0
2026-07-26;92.0
2026-07-27;92.0
2026-07-28;92.0
2026-07-29;100.0
2026-07-30;92.0
2026-07-31;92.0
2026-08-01;92.0
2026-08-02;83.0
2026-08-03;75.0
2026-08-04;67.0
2026-08-05;58.0
2026-08-06;50.0
2026-08-07;25.0
2026-08-08;25.0
2026-08-09;17.0
2026-08-10;8.0
2026-08-11;8.0
2026-08-12;0.0
2026-08-13;8.0
2026-08-14;8.0
2026-08-15;8.0
2026-08-16;17.0
2026-08-17;25.0
2026-08-18;33.0
2026-08-19;42.0
2026-08-20;50.0
2026-08-21;67.0
2026-08-22;75.0
2026-08-23;75.0
2026-08-24;83.0
2026-08-25;92.0
2026-08-26;92.0
2026-08-27;92.0
2026-08-28;100.0
2026-08-29;92.0
2026-08-30;92.0
2026-08-31;83.0
2026-09-01;83.0
2026-09-02;75.0
2026-09-03;67.0
2026-09-04;50.0
2026-09-05;25.0
2026-09-06;25.0
2026-09-07;17.0
2026-09-08;8.0
2026-09-09;8.0
2026-09-10;8.0
2026-09-11;0.0
2026-09-12;8.0
2026-09-13;8.0
2026-09-14;17.0
2026-09-15;17.0
2026-09-16;25.0
2026-09-17;33.0
2026-09-18;50.0
2026-09-19;58.0
2026-09-20;67.0
2026-09-21;75.0
2026-09-22;83.0
2026-09-23;83.0
2026-09-24;92.0
2026-09-25;92.0
2026-09-26;100.0
2026-09-27;92.0
2026-09-28;92.0
2026-09-29;92.0
2026-09-30;83.0
2026-10-01;75.0
2026-10-02;67.0
2026-10-03;50.0
2026-10-04;42.0
2026-10-05;25.0
2026-10-06;17.0
2026-10-07;17.0
2026-10-08;8.0
2026-10-09;8.0
2026-10-10;0.0
2026-10-11;8.0
2026-10-12;8.0
2026-10-13;8.0
2026-10-14;17.0
2026-10-15;25.0
2026-10-16;25.0
2026-10-17;33.0
2026-10-18;50.0
2026-10-19;58.0
2026-10-20;67.0
2026-10-21;75.0
2026-10-22;83.0
2026-10-23;83.0
2026-10-24;92.0
2026-10-25;92.0
2026-10-26;100.0
2026-10-27;92.0
2026-10-28;92.0
2026-10-29;83.0
2026-10-30;75.0
2026-10-31;67.0
2026-11-01;50.0
2026-11-02;42.0
2026-11-03;25.0
2026-11-04;25.0
2026-11-05;17.0
2026-11-06;8.0
2026-11-07;8.0
2026-11-08;8.0
2026-11-09;0.0
2026-11-10;8.0
2026-11-11;8.0
2026-11-12;8.0
2026-11-13;17.0
2026-11-14;25.0
2026-11-15;25.0
2026-11-16;33.0
2026-11-17;50.0
2026-11-18;58.0
2026-11-19;67.0
2026-11-20;75.0
2026-11-21;83.0
2026-11-22;92.0
2026-11-23;92.0
2026-11-24;100.0
2026-11-25;92.0
2026-11-26;92.0
2026-11-27;83.0
2026-11-28;83.0
2026-11-29;75.0
2026-11-30;58.0
2026-12-01;50.0
2026-12-02;25.0
2026-12-03;25.0
2026-12-04;17.0
2026-12-05;17.0
2026-12-06;8.0
2026-12-07;8.0
2026-12-08;8.0
2026-12-09;0.0
2026-12-10;8.0
2026-12-11;8.0
2026-12-12;8.0
2026-12-13;17.0
2026-12-14;25.0
2026-12-15;33.0
2026-12-16;42.0
2026-12-17;50.0
2026-12-18;67.0
2026-12-19;75.0
2026-12-20;83.0
2026-12-21;83.0
2026-12-22;92.0
2026-12-23;92.0
2026-12-24;100.0
2026-12-25;92.0
2026-12-26;92.0
2026-12-27;83.0
2026-12-28;75.0
2026-12-29;67.0
2026-12-30;50.0
2026-12-31;42.0
2027-01-01;25.0
2027-01-02;25.0
2027-01-03;17.0
2027-01-04;17.0
2027-01-05;8.0
2027-01-06;8.0
2027-01-07;0.0
2027-01-08;8.0
2027-01-09;8.0
2027-01-10;8.0
2027-01-11;17.0
2027-01-12;17.0
2027-01-13;25.0
2027-01-14;33.0
2027-01-15;50.0
2027-01-16;58.0
2027-01-17;67.0
2027-01-18;75.0
2027-01-19;83.0
2027-01-20;92.0
2027-01-21;92.0
2027-01-22;100.0
2027-01-23;92.0
2027-01-24;92.0
2027-01-25;83.0
2027-01-26;75.0
2027-01-27;75.0
2027-01-28;67.0
2027-01-29;50.0
2027-01-30;42.0
2027-01-31;25.0
2027-02-01;25.0
2027-02-02;17.0
2027-02-03;8.0
2027-02-04;8.0
2027-02-05;8.0
2027-02-06;0.0
2027-02-07;8.0
2027-02-08;8.0
2027-02-09;8.0
2027-02-10;17.0
2027-02-11;17.0
2027-02-12;25.0
2027-02-13;33.0
2027-02-14;50.0
2027-02-15;67.0
2027-02-16;75.0
2027-02-17;83.0
2027-02-18;92.0
2027-02-19;92.0
2027-02-20;92.0
2027-02-21;100.0
2027-02-22;92.0
2027-02-23;92.0
2027-02-24;83.0
2027-02-25;75.0
2027-02-26;67.0
2027-02-27;58.0
2027-02-28;50.0
2027-03-01;25.0
2027-03-02;25.0
2027-03-03;25.0
2027-03-04;17.0
2027-03-05;8.0
2027-03-06;8.0
2027-03-07;8.0
2027-03-08;0.0
2027-03-09;8.0
2027-03-10;8.0
2027-03-11;8.0
2027-03-12;17.0
2027-03-13;25.0
2027-03-14;33.0
2027-03-15;50.0
2027-03-16;58.0
2027-03-17;67.0
2027-03-18;75.0
2027-03-19;83.0
2027-03-20;92.0
2027-03-21;92.0
2027-03-22;100.0
2027-03-23;92.0
2027-03-24;92.0
2027-03-25;83.0
2027-03-26;83.0
2027-03-27;75.0
2027-03-28;67.0
2027-03-29;58.0
2027-03-30;50.0
2027-03-31;25.0
2027-04-01;25.0
2027-04-02;25.0
2027-04-03;17.0
2027-04-04;8.0
2027-04-05;8.0
2027-04-06;8.0
2027-04-07;0.0
2027-04-08;8.0
2027-04-09;8.0
2027-04-10;17.0
2027-04-11;25.0
2027-04-12;33.0
2027-04-13;42.0
2027-04-14;50.0
2027-04-15;67.0
2027-04-16;75.0
2027-04-17;83.0
2027-04-18;92.0
2027-04-19;92.0
2027-04-20;92.0
2027-04-21;100.0
2027-04-22;92.0
2027-04-23;92.0
2027-04-24;83.0
2027-04-25;83.0
2027-04-26;75.0
2027-04-27;67.0
2027-04-28;50.0
2027-04-29;42.0
2027-04-30;25.0
2027-05-01;25.0
2027-05-02;17.0
2027-05-03;17.0
2027-05-04;8.0
2027-05-05;8.0
2027-05-06;0.0
2027-05-07;8.0
2027-05-08;8.0
2027-05-09;17.0
2027-05-10;17.0
2027-05-11;25.0
2027-05-12;42.0
2027-05-13;50.0
2027-05-14;67.0
2027-05-15;75.0
2027-05-16;83.0
2027-05-17;83.0
2027-05-18;92.0
2027-05-19;92.0
2027-05-20;100.0
2027-05-21;92.0
2027-05-22;92.0
2027-05-23;92.0
2027-05-24;83.0
2027-05-25;75.0
2027-05-26;75.0
2027-05-27;67.0
2027-05-28;50.0
2027-05-29;42.0
2027-05-30;25.0
2027-05-31;25.0
2027-06-01;17.0
2027-06-02;8.0
2027-06-03;8.0
2027-06-04;0.0
2027-06-05;8.0
2027-06-06;8.0
2027-06-07;8.0
2027-06-08;17.0
2027-06-09;25.0
2027-06-10;33.0
2027-06-11;50.0
2027-06-12;58.0
2027-06-13;75.0
2027-06-14;75.0
2027-06-15;83.0
2027-06-16;92.0
2027-06-17;92.0
2027-06-18;92.0
2027-06-19;100.0
2027-06-20;92.0
2027-06-21;92.0
2027-06-22;83.0
2027-06-23;83.0
2027-06-24;75.0
2027-06-25;67.0
2027-06-26;58.0
2027-06-27;50.0
2027-06-28;25.0
2027-06-29;25.0
2027-06-30;17.0
2027-07-01;17.0
2027-07-02;8.0
2027-07-03;8.0
2027-07-04;0.0
2027-07-05;8.0
2027-07-06;8.0
2027-07-07;17.0
2027-07-08;25.0
2027-07-09;33.0
2027-07-10;50.0
2027-07-11;58.0
2027-07-12;67.0
2027-07-13;75.0
2027-07-14;83.0
2027-07-15;83.0
2027-07-16;92.0
2027-07-17;92.0
2027-07-18;100.0
2027-07-19;92.0
2027-07-20;92.0
2027-07-21;92.0
2027-07-22;83.0
2027-07-23;83.0
2027-07-24;75.0
2027-07-25;67.0
2027-07-26;50.0
2027-07-27;42.0
2027-07-28;25.0
2027-07-29;25.0
2027-07-30;17.0
2027-07-31;8.0
2027-08-01;8.0
2027-08-02;0.0
2027-08-03;8.0
2027-08-04;8.0
2027-08-05;17.0
2027-08-06;25.0
2027-08-07;33.0
2027-08-08;42.0
2027-08-09;50.0
2027-08-10;67.0
2027-08-11;75.0
2027-08-12;75.0
2027-08-13;83.0
2027-08-14;92.0
2027-08-15;92.0
2027-08-16;92.0
2027-08-17;100.0
2027-08-18;92.0
2027-08-19;92.0
2027-08-20;92.0
2027-08-21;83.0
2027-08-22;75.0
2027-08-23;67.0
2027-08-24;58.0
2027-08-25;50.0
2027-08-26;25.0
2027-08-27;25.0
2027-08-28;17.0
2027-08-29;8.0
2027-08-30;8.0
2027-08-31;0.0
2027-09-01;8.0
2027-09-02;8.0
2027-09-03;8.0
2027-09-04;17.0
2027-09-05;25.0
2027-09-06;33.0
2027-09-07;50.0
2027-09-08;58.0
2027-09-09;67.0
2027-09-10;75.0
2027-09-11;83.0
2027-09-12;83.0
2027-09-13;92.0
2027-09-14;92.0
2027-09-15;92.0
2027-09-16;100.0
2027-09-17;92.0
2027-09-18;92.0
2027-09-19;83.0
2027-09-20;83.0
2027-09-21;75.0
2027-09-22;67.0
2027-09-23;50.0
2027-09-24;25.0
2027-09-25;25.0
2027-09-26;17.0
2027-09-27;8.0
2027-09-28;8.0
2027-09-29;8.0
2027-09-30;0.0
2027-10-01;8.0
2027-10-02;8.0
2027-10-03;17.0
2027-10-04;25.0
2027-10-05;25.0
2027-10-06;33.0
2027-10-07;50.0
2027-10-08;58.0
2027-10-09;67.0
2027-10-10;75.0
2027-10-11;83.0
2027-10-12;83.0
2027-10-13;92.0
2027-10-14;92.0
2027-10-15;100.0
2027-10-16;92.0
2027-10-17;92.0
2027-10-18;92.0
2027-10-19;83.0
2027-10-20;75.0
2027-10-21;67.0
2027-10-22;50.0
2027-10-23;42.0
2027-10-24;25.0
2027-10-25;25.0
2027-10-26;17.0
2027-10-27;8.0
2027-10-28;8.0
2027-10-29;0.0
2027-10-30;8.0
2027-10-31;8.0
2027-11-01;8.0
2027-11-02;17.0
2027-11-03;25.0
2027-11-04;33.0
2027-11-05;42.0
2027-11-06;50.0
2027-11-07;58.0
2027-11-08;67.0
2027-11-09;75.0
2027-11-10;83.0
2027-11-11;92.0
2027-11-12;92.0
2027-11-13;92.0
2027-11-14;100.0
2027-11-15;92.0
2027-11-16;92.0
2027-11-17;83.0
2027-11-18;75.0
2027-11-19;67.0
2027-11-20;58.0
2027-11-21;50.0
2027-11-22;25.0
2027-11-23;25.0
2027-11-24;17.0
2027-11-25;8.0
2027-11-26;8.0
2027-11-27;8.0
2027-11-28;0.0
2027-11-29;8.0
2027-11-30;8.0
2027-12-01;8.0
2027-12-02;17.0
2027-12-03;25.0
2027-12-04;33.0
2027-12-05;42.0
2027-12-06;50.0
2027-12-07;67.0
2027-12-08;67.0
2027-12-09;75.0
2027-12-10;83.0
2027-12-11;92.0
2027-12-12;92.0
2027-12-13;100.0
2027-12-14;92.0
2027-12-15;92.0
2027-12-16;83.0
2027-12-17;83.0
2027-12-18;75.0
2027-12-19;67.0
2027-12-20;50.0
2027-12-21;25.0
2027-12-22;25.0
2027-12-23;17.0
2027-12-24;17.0
2027-12-25;8.0
2027-12-26;8.0
2027-12-27;0.0
2027-12-28;8.0
2027-12-29;8.0
2027-12-30;8.0
2027-12-31;17.0
2028-01-01;17.0
2028-01-02;25.0
2028-01-03;33.0
2028-01-04;42.0
2028-01-05;50.0
2028-01-06;67.0
2028-01-07;75.0
2028-01-08;83.0
2028-01-09;83.0
2028-01-10;92.0
2028-01-11;92.0
2028-01-12;100.0
2028-01-13;92.0
2028-01-14;92.0
2028-01-15;83.0
2028-01-16;75.0
2028-01-17;67.0
2028-01-18;50.0
2028-01-19;42.0
2028-01-20;25.0
2028-01-21;25.0
2028-01-22;17.0
2028-01-23;8.0
2028-01-24;8.0
2028-01-25;8.0
2028-01-26;0.0
2028-01-27;8.0
2028-01-28;8.0
2028-01-29;8.0
2028-01-30;17.0
2028-01-31;17.0
2028-02-01;25.0
2028-02-02;33.0
2028-02-03;50.0
2028-02-04;58.0
2028-02-05;67.0
2028-02-06;75.0
2028-02-07;83.0
2028-02-08;92.0
2028-02-09;92.0
2028-02-10;100.0
2028-02-11;92.0
2028-02-12;92.0
2028-02-13;83.0
2028-02-14;83.0
2028-02-15;75.0
2028-02-16;58.0
2028-02-17;50.0
2028-02-18;25.0
2028-02-19;25.0
2028-02-20;25.0
2028-02-21;17.0
2028-02-22;8.0
2028-02-23;8.0
2028-02-24;8.0
2028-02-25;0.0
2028-02-26;8.0
2028-02-27;8.0
2028-02-28;8.0
2028-02-29;17.0
2028-03-01;25.0
2028-03-02;25.0
2028-03-03;33.0
2028-03-04;50.0
2028-03-05;67.0
2028-03-06;75.0
2028-03-07;83.0
2028-03-08;83.0
2028-03-09;92.0
2028-03-10;92.0
2028-03-11;100.0
2028-03-12;92.0
2028-03-13;92.0
2028-03-14;83.0
2028-03-15;75.0
2028-03-16;67.0
2028-03-17;58.0
2028-03-18;50.0
2028-03-19;25.0
2028-03-20;25.0
2028-03-21;17.0
2028-03-22;17.0
2028-03-23;8.0
2028-03-24;8.0
2028-03-25;8.0
2028-03-26;0.0
2028-03-27;8.0
2028-03-28;8.0
2028-03-29;8.0
2028-03-30;17.0
2028-03-31;25.0
2028-04-01;33.0
2028-04-02;50.0
2028-04-03;58.0
2028-04-04;67.0
2028-04-05;75.0
2028-04-06;83.0
2028-04-07;92.0
2028-04-08;92.0
2028-04-09;100.0
2028-04-10;92.0
2028-04-11;92.0
2028-04-12;83.0
2028-04-13;83.0
2028-04-14;75.0
2028-04-15;67.0
2028-04-16;50.0
2028-04-17;42.0
2028-04-18;25.0
2028-04-19;25.0
2028-04-20;17.0
2028-04-21;17.0
2028-04-22;8.0
2028-04-23;8.0
2028-04-24;0.0
2028-04-25;8.0
2028-04-26;8.0
2028-04-27;8.0
2028-04-28;17.0
2028-04-29;25.0
2028-04-30;33.0
2028-05-01;42.0
2028-05-02;50.0
2028-05-03;67.0
2028-05-04;75.0
2028-05-05;83.0
2028-05-06;92.0
2028-05-07;92.0
2028-05-08;100.0
2028-05-09;92.0
2028-05-10;92.0
2028-05-11;92.0
2028-05-12;83.0
2028-05-13;75.0
2028-05-14;67.0
2028-05-15;58.0
2028-05-16;50.0
2028-05-17;42.0
2028-05-18;25.0
2028-05-19;25.0
2028-05-20;17.0
2028-05-21;8.0
2028-05-22;8.0
2028-05-23;8.0
2028-05-24;0.0
2028-05-25;8.0
2028-05-26;8.0
2028-05-27;17.0
2028-05-28;17.0
2028-05-29;25.0
2028-05-30;33.0
2028-05-31;50.0
2028-06-01;67.0
2028-06-02;75.0
2028-06-03;83.0
2028-06-04;83.0
2028-06-05;92.0
2028-06-06;92.0
2028-06-07;100.0
2028-06-08;92.0
2028-06-09;92.0
2028-06-10;83.0
2028-06-11;83.0
2028-06-12;75.0
2028-06-13;67.0
2028-06-14;58.0
2028-06-15;50.0
2028-06-16;25.0
2028-06-17;25.0
2028-06-18;25.0
2028-06-19;17.0
2028-06-20;8.0
2028-06-21;8.0
2028-06-22;0.0
2028-06-23;8.0
2028-06-24;8.0
2028-06-25;8.0
2028-06-26;17.0
2028-06-27;25.0
2028-06-28;33.0
2028-06-29;50.0
2028-06-30;58.0
2028-07-01;75.0
2028-07-02;75.0
2028-07-03;83.0
2028-07-04;92.0
2028-07-05;92.0
2028-07-06;100.0
2028-07-07;92.0
2028-07-08;92.0
2028-07-09;92.0
2028-07-10;83.0
2028-07-11;83.0
2028-07-12;75.0
2028-07-13;67.0
2028-07-14;50.0
2028-07-15;42.0
2028-07-16;25.0
2028-07-17;25.0
2028-07-18;17.0
2028-07-19;8.0
2028-07-20;8.0
2028-07-21;8.0
2028-07-22;0.0
2028-07-23;8.0
2028-07-24;8.0
2028-07-25;17.0
2028-07-26;25.0
2028-07-27;33.0
2028-07-28;50.0
2028-07-29;58.0
2028-07-30;67.0
2028-07-31;75.0
2028-08-01;83.0
2028-08-02;92.0
2028-08-03;92.0
2028-08-04;92.0
2028-08-05;100.0
2028-08-06;92.0
2028-08-07;92.0
2028-08-08;92.0
2028-08-09;83.0
2028-08-10;75.0
2028-08-11;67.0
2028-08-12;67.0
2028-08-13;50.0
2028-08-14;42.0
2028-08-15;25.0
2028-08-16;25.0
2028-08-17;17.0
2028-08-18;8.0
2028-08-19;8.0
2028-08-20;0.0
2028-08-21;8.0
2028-08-22;8.0
2028-08-23;17.0
2028-08-24;25.0
2028-08-25;33.0
2028-08-26;42.0
2028-08-27;50.0
2028-08-28;67.0
2028-08-29;75.0
2028-08-30;83.0
2028-08-31;83.0
2028-09-01;92.0
2028-09-02;92.0
2028-09-03;92.0
2028-09-04;100.0
2028-09-05;92.0
2028-09-06;92.0
2028-09-07;83.0
2028-09-08;83.0
2028-09-09;75.0
2028-09-10;67.0
2028-09-11;58.0
2028-09-12;50.0
2028-09-13;25.0
2028-09-14;25.0
2028-09-15;17.0
2028-09-16;8.0
2028-09-17;8.0
2028-09-18;0.0
2028-09-19;8.0
2028-09-20;8.0
2028-09-21;8.0
2028-09-22;17.0
2028-09-23;25.0
2028-09-24;33.0
2028-09-25;50.0
2028-09-26;58.0
2028-09-27;67.0
2028-09-28;75.0
2028-09-29;83.0
2028-09-30;92.0
2028-10-01;92.0
2028-10-02;92.0
2028-10-03;100.0
2028-10-04;92.0
2028-10-05;92.0
2028-10-06;92.0
2028-10-07;83.0
2028-10-08;75.0
2028-10-09;75.0
2028-10-10;67.0
2028-10-11;50.0
2028-10-12;25.0
2028-10-13;25.0
2028-10-14;17.0
2028-10-15;17.0
2028-10-16;8.0
2028-10-17;8.0
2028-10-18;0.0
2028-10-19;8.0
2028-10-20;8.0
2028-10-21;17.0
2028-10-22;25.0
2028-10-23;33.0
2028-10-24;42.0
2028-10-25;50.0
2028-10-26;67.0
2028-10-27;75.0
2028-10-28;75.0
2028-10-29;83.0
2028-10-30;92.0
2028-10-31;92.0
2028-11-01;92.0
2028-11-02;100.0
2028-11-03;92.0
2028-11-04;92.0
2028-11-05;92.0
2028-11-06;83.0
2028-11-07;75.0
2028-11-08;67.0
2028-11-09;58.0
2028-11-10;50.0
2028-11-11;25.0
2028-11-12;25.0
2028-11-13;17.0
2028-11-14;8.0
2028-11-15;8.0
2028-11-16;0.0
2028-11-17;8.0
2028-11-18;8.0
2028-11-19;8.0
2028-11-20;17.0
2028-11-21;25.0
2028-11-22;33.0
2028-11-23;42.0
2028-11-24;50.0
2028-11-25;67.0
2028-11-26;75.0
2028-11-27;75.0
2028-11-28;83.0
2028-11-29;92.0
2028-11-30;92.0
2028-12-01;92.0
2028-12-02;100.0
2028-12-03;92.0
2028-12-04;92.0
2028-12-05;83.0
2028-12-06;75.0
2028-12-07;75.0
2028-12-08;58.0
2028-12-09;50.0
2028-12-10;25.0
2028-12-11;25.0
2028-12-12;17.0
2028-12-13;8.0
2028-12-14;8.0
2028-12-15;8.0
2028-12-16;0.0
2028-12-17;8.0
2028-12-18;8.0
2028-12-19;17.0
2028-12-20;17.0
2028-12-21;25.0
2028-12-22;33.0
2028-12-23;42.0
2028-12-24;50.0
2028-12-25;67.0
2028-12-26;75.0
2028-12-27;83.0
2028-12-28;83.0
2028-12-29;92.0
2028-12-30;92.0
2028-12-31;100.0
2029-01-01;92.0
2029-01-02;92.0
2029-01-03;92.0
2029-01-04;83.0
2029-01-05;75.0
2029-01-06;67.0
2029-01-07;50.0
2029-01-08;42.0
2029-01-09;25.0
2029-01-10;17.0
2029-01-11;17.0
2029-01-12;8.0
2029-01-13;8.0
2029-01-14;0.0
2029-01-15;8.0
2029-01-16;8.0
2029-01-17;8.0
2029-01-18;17.0
2029-01-19;17.0
2029-01-20;25.0
2029-01-21;33.0
2029-01-22;50.0
2029-01-23;58.0
2029-01-24;67.0
2029-01-25;75.0
2029-01-26;83.0
2029-01-27;83.0
2029-01-28;92.0
2029-01-29;92.0
2029-01-30;100.0
2029-01-31;92.0
2029-02-01;92.0
2029-02-02;83.0
2029-02-03;75.0
2029-02-04;67.0
2029-02-05;58.0
2029-02-06;50.0
2029-02-07;25.0
2029-02-08;25.0
2029-02-09;17.0
2029-02-10;8.0
2029-02-11;8.0
2029-02-12;8.0
2029-02-13;0.0
2029-02-14;8.0
2029-02-15;8.0
2029-02-16;8.0
2029-02-17;17.0
2029-02-18;25.0
2029-02-19;25.0
2029-02-20;33.0
2029-02-21;50.0
2029-02-22;58.0
2029-02-23;67.0
2029-02-24;75.0
2029-02-25;83.0
2029-02-26;92.0
2029-02-27;92.0
2029-02-28;100.0
2029-03-01;92.0
2029-03-02;92.0
2029-03-03;83.0
2029-03-04;83.0
2029-03-05;75.0
2029-03-06;67.0
2029-03-07;50.0
2029-03-08;25.0
2029-03-09;25.0
2029-03-10;17.0
2029-03-11;17.0
2029-03-12;8.0
2029-03-13;8.0
2029-03-14;8.0
2029-03-15;0.0
2029-03-16;8.0
2029-03-17;8.0
2029-03-18;8.0
2029-03-19;17.0
2029-03-20;25.0
2029-03-21;33.0
2029-03-22;33.0
2029-03-23;50.0
2029-03-24;67.0
2029-03-25;75.0
2029-03-26;83.0
2029-03-27;83.0
2029-03-28;92.0
2029-03-29;92.0
2029-03-30;100.0
2029-03-31;92.0
2029-04-01;92.0
2029-04-02;83.0
2029-04-03;75.0
2029-04-04;67.0
2029-04-05;50.0
2029-04-06;42.0
2029-04-07;25.0
2029-04-08;25.0
2029-04-09;17.0
2029-04-10;17.0
2029-04-11;8.0
2029-04-12;8.0
2029-04-13;8.0
2029-04-14;0.0
2029-04-15;8.0
2029-04-16;8.0
2029-04-17;17.0
2029-04-18;17.0
2029-04-19;25.0
2029-04-20;33.0
2029-04-21;50.0
2029-04-22;58.0
2029-04-23;67.0
2029-04-24;75.0
2029-04-25;83.0
2029-04-26;92.0
2029-04-27;92.0
2029-04-28;100.0
2029-04-29;92.0
2029-04-30;92.0
2029-05-01;83.0
2029-05-02;75.0
2029-05-03;67.0
2029-05-04;58.0
2029-05-05;50.0
2029-05-06;42.0
2029-05-07;25.0
2029-05-08;25.0
2029-05-09;17.0
2029-05-10;8.0
2029-05-11;8.0
2029-05-12;8.0
2029-05-13;0.0
2029-05-14;8.0
2029-05-15;8.0
2029-05-16;8.0
2029-05-17;17.0
2029-05-18;25.0
2029-05-19;33.0
2029-05-20;42.0
2029-05-21;50.0
2029-05-22;67.0
2029-05-23;75.0
2029-05-24;83.0
2029-05-25;92.0
2029-05-26;92.0
2029-05-27;100.0
2029-05-28;92.0
2029-05-29;92.0
2029-05-30;92.0
2029-05-31;83.0
2029-06-01;75.0
2029-06-02;67.0
2029-06-03;58.0
2029-06-04;50.0
2029-06-05;25.0
2029-06-06;25.0
2029-06-07;17.0
2029-06-08;17.0
2029-06-09;8.0
2029-06-10;8.0
2029-06-11;8.0
2029-06-12;0.0
2029-06-13;8.0
2029-06-14;8.0
2029-06-15;17.0
2029-06-16;17.0
2029-06-17;25.0
2029-06-18;33.0
2029-06-19;50.0
2029-06-20;67.0
2029-06-21;75.0
2029-06-22;83.0
2029-06-23;83.0
2029-06-24;92.0
2029-06-25;92.0
2029-06-26;100.0
2029-06-27;92.0
2029-06-28;92.0
2029-06-29;83.0
2029-06-30;83.0
2029-07-01;75.0
2029-07-02;67.0
2029-07-03;50.0
2029-07-04;42.0
2029-07-05;25.0
2029-07-06;25.0
2029-07-07;17.0
2029-07-08;17.0
2029-07-09;8.0
2029-07-10;8.0
2029-07-11;0.0
2029-07-12;8.0
2029-07-13;8.0
2029-07-14;8.0
2029-07-15;17.0
2029-07-16;25.0
2029-07-17;33.0
2029-07-18;50.0
2029-07-19;58.0
2029-07-20;67.0
2029-07-21;75.0
2029-07-22;83.0
2029-07-23;92.0
2029-07-24;92.0
2029-07-25;100.0
2029-07-26;92.0
2029-07-27;92.0
2029-07-28;92.0
2029-07-29;83.0
2029-07-30;75.0
2029-07-31;67.0
2029-08-01;67.0
2029-08-02;50.0
2029-08-03;42.0
2029-08-04;25.0
2029-08-05;25.0
2029-08-06;17.0
2029-08-07;8.0
2029-08-08;8.0
2029-08-09;8.0
2029-08-10;0.0
2029-08-11;8.0
2029-08-12;8.0
2029-08-13;17.0
2029-08-14;25.0
2029-08-15;33.0
2029-08-16;50.0
2029-08-17;58.0
2029-08-18;67.0
2029-08-19;75.0
2029-08-20;83.0
2029-08-21;92.0
2029-08-22;92.0
2029-08-23;92.0
2029-08-24;100.0
2029-08-25;92.0
2029-08-26;92.0
2029-08-27;83.0
2029-08-28;83.0
2029-08-29;75.0
2029-08-30;67.0
2029-08-31;58.0
2029-09-01;50.0
2029-09-02;25.0
2029-09-03;25.0
2029-09-04;17.0
2029-09-05;17.0
2029-09-06;8.0
2029-09-07;8.0
2029-09-08;0.0
2029-09-09;8.0
2029-09-10;8.0
2029-09-11;17.0
2029-09-12;25.0
2029-09-13;33.0
2029-09-14;42.0
2029-09-15;50.0
2029-09-16;67.0
2029-09-17;75.0
2029-09-18;83.0
2029-09-19;83.0
2029-09-20;92.0
2029-09-21;92.0
2029-09-22;100.0
2029-09-23;92.0
2029-09-24;92.0
2029-09-25;92.0
2029-09-26;83.0
2029-09-27;83.0
2029-09-28;75.0
2029-09-29;67.0
2029-09-30;50.0
2029-10-01;42.0
2029-10-02;25.0
2029-10-03;25.0
2029-10-04;17.0
2029-10-05;8.0
2029-10-06;8.0
2029-10-07;0.0
2029-10-08;8.0
2029-10-09;8.0
2029-10-10;8.0
2029-10-11;17.0
2029-10-12;25.0
2029-10-13;33.0
2029-10-14;50.0
2029-10-15;58.0
2029-10-16;67.0
2029-10-17;75.0
2029-10-18;83.0
2029-10-19;92.0
2029-10-20;92.0
2029-10-21;92.0
2029-10-22;100.0
2029-10-23;92.0
2029-10-24;92.0
2029-10-25;92.0
2029-10-26;83.0
2029-10-27;75.0
2029-10-28;75.0
2029-10-29;67.0
2029-10-30;50.0
2029-10-31;42.0
2029-11-01;25.0
2029-11-02;17.0
2029-11-03;17.0
2029-11-04;8.0
2029-11-05;8.0
2029-11-06;0.0
2029-11-07;8.0
2029-11-08;8.0
2029-11-09;17.0
2029-11-10;25.0
2029-11-11;33.0
2029-11-12;42.0
2029-11-13;50.0
2029-11-14;67.0
2029-11-15;75.0
2029-11-16;83.0
2029-11-17;83.0
2029-11-18;92.0
2029-11-19;92.0
2029-11-20;92.0
2029-11-21;100.0
2029-11-22;92.0
2029-11-23;92.0
2029-11-24;92.0
2029-11-25;83.0
2029-11-26;75.0
2029-11-27;67.0
2029-11-28;58.0
2029-11-29;50.0
2029-11-30;25.0
2029-12-01;25.0
2029-12-02;17.0
2029-12-03;8.0
2029-12-04;8.0
2029-12-05;0.0
2029-12-06;8.0
2029-12-07;8.0
2029-12-08;8.0
2029-12-09;17.0
2029-12-10;25.0
2029-12-11;33.0
2029-12-12;50.0
2029-12-13;58.0
2029-12-14;67.0
2029-12-15;75.0
2029-12-16;83.0
2029-12-17;83.0
2029-12-18;92.0
2029-12-19;92.0
2029-12-20;92.0
2029-12-21;100.0
2029-12-22;92.0
2029-12-23;92.0
2029-12-24;83.0
2029-12-25;83.0
2029-12-26;75.0
2029-12-27;67.0
2029-12-28;50.0
2029-12-29;25.0
2029-12-30;25.0
2029-12-31;17.0
